ideCapacidadeInstaladaUF,nomUF,sigUF,mdaPotenciaInstaladakW,mesReferencia,anoReferencia,dthProcessamento
1,ACRE,AC,141760.50,12,2006,13/09/2017 00:00:00
2,ACRE,AC,141349.30,12,2007,13/09/2017 00:00:00
3,ACRE,AC,141350.30,12,2008,13/09/2017 00:00:00
4,ACRE,AC,142542.30,12,2009,13/09/2017 00:00:00
5,ACRE,AC,132998.30,12,2010,13/09/2017 00:00:00
6,ACRE,AC,136843.00,12,2011,13/09/2017 00:00:00
7,ACRE,AC,165480.90,12,2012,13/09/2017 00:00:00
8,ACRE,AC,190896.00,12,2013,13/09/2017 00:00:00
9,ACRE,AC,190896.00,12,2014,13/09/2017 00:00:00
10,ACRE,AC,195698.70,12,2015,13/09/2017 00:00:00
11,Acre,AC,258290.30,12,2016,13/09/2017 00:00:00
12,ACRE,AC,180682.10,3,2012,13/09/2017 00:00:00
13,ACRE,AC,189691.00,3,2013,13/09/2017 00:00:00
14,ACRE,AC,190896.00,3,2014,13/09/2017 00:00:00
15,ACRE,AC,193477.00,3,2015,13/09/2017 00:00:00
16,ACRE,AC,195699.00,3,2016,13/09/2017 00:00:00
17,Acre,AC,250401.90,3,2017,13/09/2017 00:00:00
18,ACRE,AC,180682.10,6,2012,13/09/2017 00:00:00
19,ACRE,AC,189691.00,6,2013,13/09/2017 00:00:00
20,ACRE,AC,190896.00,6,2014,13/09/2017 00:00:00
21,ACRE,AC,195699.00,6,2015,13/09/2017 00:00:00
22,Acre,AC,195698.70,6,2016,13/09/2017 00:00:00
23,ACRE,AC,297949.00,9,2012,13/09/2017 00:00:00
24,ACRE,AC,190896.00,9,2013,13/09/2017 00:00:00
25,ACRE,AC,190896.00,9,2014,13/09/2017 00:00:00
26,ACRE,AC,195699.00,9,2015,13/09/2017 00:00:00
27,Acre,AC,256090.30,9,2016,13/09/2017 00:00:00
29,ALAGOAS,AL,7626936.50,12,2006,13/09/2017 00:00:00
30,ALAGOAS,AL,7656836.50,12,2007,13/09/2017 00:00:00
31,ALAGOAS,AL,7670436.50,12,2008,13/09/2017 00:00:00
32,ALAGOAS,AL,7662276.50,12,2009,13/09/2017 00:00:00
33,ALAGOAS,AL,7674826.50,12,2010,13/09/2017 00:00:00
34,ALAGOAS,AL,7690487.00,12,2011,13/09/2017 00:00:00
35,ALAGOAS,AL,7690486.50,12,2012,13/09/2017 00:00:00
36,ALAGOAS,AL,7748087.00,12,2013,13/09/2017 00:00:00
37,ALAGOAS,AL,702276.00,12,2014,13/09/2017 00:00:00
38,ALAGOAS,AL,710769.10,12,2015,13/09/2017 00:00:00
39,Alagoas,AL,729369.10,12,2016,13/09/2017 00:00:00
40,ALAGOAS,AL,7690486.50,3,2012,13/09/2017 00:00:00
41,ALAGOAS,AL,7690487.00,3,2013,13/09/2017 00:00:00
42,ALAGOAS,AL,7748087.00,3,2014,13/09/2017 00:00:00
43,ALAGOAS,AL,705636.00,3,2015,13/09/2017 00:00:00
44,ALAGOAS,AL,710769.00,3,2016,13/09/2017 00:00:00
45,Alagoas,AL,729369.10,3,2017,13/09/2017 00:00:00
46,ALAGOAS,AL,7690486.50,6,2012,13/09/2017 00:00:00
47,ALAGOAS,AL,7748087.00,6,2013,13/09/2017 00:00:00
48,ALAGOAS,AL,7749087.00,6,2014,13/09/2017 00:00:00
49,ALAGOAS,AL,710385.00,6,2015,13/09/2017 00:00:00
50,Alagoas,AL,710769.10,6,2016,13/09/2017 00:00:00
51,ALAGOAS,AL,8440948.00,9,2012,13/09/2017 00:00:00
52,ALAGOAS,AL,7748087.00,9,2013,13/09/2017 00:00:00
53,ALAGOAS,AL,707376.00,9,2014,13/09/2017 00:00:00
54,ALAGOAS,AL,710769.00,9,2015,13/09/2017 00:00:00
55,Alagoas,AL,710769.10,9,2016,13/09/2017 00:00:00
57,AMAZONAS,AM,2105228.60,12,2006,13/09/2017 00:00:00
58,AMAZONAS,AM,1904359.60,12,2007,13/09/2017 00:00:00
59,AMAZONAS,AM,2044287.00,12,2008,13/09/2017 00:00:00
60,AMAZONAS,AM,2129933.00,12,2009,13/09/2017 00:00:00
61,AMAZONAS,AM,2139920.60,12,2010,13/09/2017 00:00:00
62,AMAZONAS,AM,2174906.00,12,2011,13/09/2017 00:00:00
63,AMAZONAS,AM,2259870.00,12,2012,13/09/2017 00:00:00
64,AMAZONAS,AM,2262845.00,12,2013,13/09/2017 00:00:00
65,AMAZONAS,AM,2258959.00,12,2014,13/09/2017 00:00:00
66,AMAZONAS,AM,2262779.22,12,2015,13/09/2017 00:00:00
67,Amazonas,AM,2303799.04,12,2016,13/09/2017 00:00:00
68,AMAZONAS,AM,2258470.00,3,2012,13/09/2017 00:00:00
69,AMAZONAS,AM,2262760.00,3,2013,13/09/2017 00:00:00
70,AMAZONAS,AM,2262845.00,3,2014,13/09/2017 00:00:00
71,AMAZONAS,AM,2258959.00,3,2015,13/09/2017 00:00:00
72,AMAZONAS,AM,2279542.00,3,2016,13/09/2017 00:00:00
73,Amazonas,AM,2284949.04,3,2017,13/09/2017 00:00:00
74,AMAZONAS,AM,2259370.00,6,2012,13/09/2017 00:00:00
75,AMAZONAS,AM,2262845.00,6,2013,13/09/2017 00:00:00
76,AMAZONAS,AM,2262845.00,6,2014,13/09/2017 00:00:00
77,AMAZONAS,AM,2262675.00,6,2015,13/09/2017 00:00:00
78,Amazonas,AM,2285537.24,6,2016,13/09/2017 00:00:00
79,AMAZONAS,AM,2732130.00,9,2012,13/09/2017 00:00:00
80,AMAZONAS,AM,2262845.00,9,2013,13/09/2017 00:00:00
81,AMAZONAS,AM,2262845.00,9,2014,13/09/2017 00:00:00
82,AMAZONAS,AM,2262675.00,9,2015,13/09/2017 00:00:00
83,Amazonas,AM,2303869.04,9,2016,13/09/2017 00:00:00
85,AMAPA,AP,273950.00,12,2006,13/09/2017 00:00:00
86,AMAPA,AP,273956.00,12,2007,13/09/2017 00:00:00
87,AMAPA,AP,273993.00,12,2008,13/09/2017 00:00:00
88,AMAPA,AP,296249.00,12,2009,13/09/2017 00:00:00
89,AMAPA,AP,296249.00,12,2010,13/09/2017 00:00:00
90,AMAPA,AP,297949.00,12,2011,13/09/2017 00:00:00
91,AMAPA,AP,297949.00,12,2012,13/09/2017 00:00:00
92,AMAPA,AP,302549.00,12,2013,13/09/2017 00:00:00
93,AMAPA,AP,843949.00,12,2014,13/09/2017 00:00:00
94,AMAPA,AP,940779.00,12,2015,13/09/2017 00:00:00
95,Amapa,AP,1159779.00,12,2016,13/09/2017 00:00:00
96,AMAPA,AP,297949.00,3,2012,13/09/2017 00:00:00
97,AMAPA,AP,297949.00,3,2013,13/09/2017 00:00:00
98,AMAPA,AP,302549.00,3,2014,13/09/2017 00:00:00
99,AMAPA,AP,927949.00,3,2015,13/09/2017 00:00:00
100,AMAPA,AP,940779.00,3,2016,13/09/2017 00:00:00
101,Amapa,AP,1159779.00,3,2017,13/09/2017 00:00:00
102,AMAPA,AP,297949.00,6,2012,13/09/2017 00:00:00
103,AMAPA,AP,297949.00,6,2013,13/09/2017 00:00:00
104,AMAPA,AP,302549.00,6,2014,13/09/2017 00:00:00
105,AMAPA,AP,927949.00,6,2015,13/09/2017 00:00:00
106,Amapa,AP,1086779.00,6,2016,13/09/2017 00:00:00
107,AMAPA,AP,316944.00,9,2012,13/09/2017 00:00:00
108,AMAPA,AP,297949.00,9,2013,13/09/2017 00:00:00
109,AMAPA,AP,425879.00,9,2014,13/09/2017 00:00:00
110,AMAPA,AP,927949.00,9,2015,13/09/2017 00:00:00
111,Amapa,AP,1159779.00,9,2016,13/09/2017 00:00:00
113,BAHIA,BA,8899100.90,12,2006,13/09/2017 00:00:00
114,BAHIA,BA,8915075.90,12,2007,13/09/2017 00:00:00
115,BAHIA,BA,8948287.90,12,2008,13/09/2017 00:00:00
116,BAHIA,BA,9089798.90,12,2009,13/09/2017 00:00:00
117,BAHIA,BA,9294250.90,12,2010,13/09/2017 00:00:00
118,BAHIA,BA,9724503.00,12,2011,13/09/2017 00:00:00
119,BAHIA,BA,9741812.30,12,2012,13/09/2017 00:00:00
120,BAHIA,BA,9885413.00,12,2013,13/09/2017 00:00:00
121,BAHIA,BA,8634216.00,12,2014,13/09/2017 00:00:00
122,RIO DE JANEIRO,BA,9063787.18,12,2015,13/09/2017 00:00:00
123,Bahia,BA,9582661.18,12,2016,13/09/2017 00:00:00
124,BAHIA,BA,9727907.30,3,2012,13/09/2017 00:00:00
125,BAHIA,BA,9838077.00,3,2013,13/09/2017 00:00:00
126,BAHIA,BA,9885417.00,3,2014,13/09/2017 00:00:00
127,BAHIA,BA,8785046.00,3,2015,13/09/2017 00:00:00
128,BAHIA,BA,9379539.00,3,2016,13/09/2017 00:00:00
129,Bahia,BA,9593921.34,3,2017,13/09/2017 00:00:00
130,BAHIA,BA,9727967.30,6,2012,13/09/2017 00:00:00
131,BAHIA,BA,9883307.00,6,2013,13/09/2017 00:00:00
132,BAHIA,BA,9888340.00,6,2014,13/09/2017 00:00:00
133,BAHIA,BA,8803883.00,6,2015,13/09/2017 00:00:00
134,Bahia,BA,9492777.18,6,2016,13/09/2017 00:00:00
135,BAHIA,BA,10217748.00,9,2012,13/09/2017 00:00:00
136,BAHIA,BA,9883307.00,9,2013,13/09/2017 00:00:00
137,BAHIA,BA,8306071.00,9,2014,13/09/2017 00:00:00
138,BAHIA,BA,8858703.00,9,2015,13/09/2017 00:00:00
139,Bahia,BA,9550627.18,9,2016,13/09/2017 00:00:00
141,CEARA,CE,703170.00,12,2006,13/09/2017 00:00:00
142,CEARA,CE,730420.00,12,2007,13/09/2017 00:00:00
143,CEARA,CE,730420.00,12,2008,13/09/2017 00:00:00
144,CEARA,CE,834850.00,12,2009,13/09/2017 00:00:00
145,CEARA,CE,1066034.00,12,2010,13/09/2017 00:00:00
146,CEARA,CE,1381485.00,12,2011,13/09/2017 00:00:00
147,CEARA,CE,1769522.00,12,2012,13/09/2017 00:00:00
148,CEARA,CE,2607250.00,12,2013,13/09/2017 00:00:00
149,CEARA,CE,3172245.00,12,2014,13/09/2017 00:00:00
150,CEARA,CE,3197312.90,12,2015,13/09/2017 00:00:00
151,Ceara,CE,3691514.10,12,2016,13/09/2017 00:00:00
152,CEARA,CE,1381485.00,3,2012,13/09/2017 00:00:00
153,CEARA,CE,1831551.00,3,2013,13/09/2017 00:00:00
154,CEARA,CE,2671779.00,3,2014,13/09/2017 00:00:00
155,CEARA,CE,3175645.00,3,2015,13/09/2017 00:00:00
156,CEARA,CE,3239313.00,3,2016,13/09/2017 00:00:00
157,Ceara,CE,3732014.10,3,2017,13/09/2017 00:00:00
158,MARANHAO,CE,1381485.00,6,2012,13/09/2017 00:00:00
159,CEARA,CE,2170028.00,6,2013,13/09/2017 00:00:00
160,CEARA,CE,2905147.00,6,2014,13/09/2017 00:00:00
161,CEARA,CE,3194313.00,6,2015,13/09/2017 00:00:00
162,Ceara,CE,3283313.10,6,2016,13/09/2017 00:00:00
163,CEARA,CE,1588075.00,9,2012,13/09/2017 00:00:00
164,CEARA,CE,2186828.00,9,2013,13/09/2017 00:00:00
165,CEARA,CE,3065780.00,9,2014,13/09/2017 00:00:00
166,CEARA,CE,3197313.00,9,2015,13/09/2017 00:00:00
167,Ceara,CE,3683414.10,9,2016,13/09/2017 00:00:00
169,DISTRITO FEDERAL,DF,39700.00,12,2006,13/09/2017 00:00:00
170,DISTRITO FEDERAL,DF,42120.00,12,2007,13/09/2017 00:00:00
171,DISTRITO FEDERAL,DF,42120.00,12,2008,13/09/2017 00:00:00
172,DISTRITO FEDERAL,DF,42120.00,12,2009,13/09/2017 00:00:00
173,DISTRITO FEDERAL,DF,42120.00,12,2010,13/09/2017 00:00:00
174,DISTRITO FEDERAL,DF,43258.00,12,2011,13/09/2017 00:00:00
175,DISTRITO FEDERAL,DF,43766.00,12,2012,13/09/2017 00:00:00
176,DISTRITO FEDERAL,DF,45918.00,12,2013,13/09/2017 00:00:00
177,DISTRITO FEDERAL,DF,47380.00,12,2014,13/09/2017 00:00:00
178,DISTRITO FEDERAL,DF,56058.40,12,2015,13/09/2017 00:00:00
179,Distrito Federal,DF,56058.40,12,2016,13/09/2017 00:00:00
180,DISTRITO FEDERAL,DF,43258.00,3,2012,13/09/2017 00:00:00
181,DISTRITO FEDERAL,DF,43766.00,3,2013,13/09/2017 00:00:00
182,DISTRITO FEDERAL,DF,45918.00,3,2014,13/09/2017 00:00:00
183,DISTRITO FEDERAL,DF,50500.00,3,2015,13/09/2017 00:00:00
184,DISTRITO FEDERAL,DF,56058.00,3,2016,13/09/2017 00:00:00
185,Distrito Federal,DF,56058.40,3,2017,13/09/2017 00:00:00
186,DISTRITO FEDERAL,DF,43258.00,6,2012,13/09/2017 00:00:00
187,DISTRITO FEDERAL,DF,16178.00,6,2013,13/09/2017 00:00:00
188,DISTRITO FEDERAL,DF,47377.00,6,2014,13/09/2017 00:00:00
189,DISTRITO FEDERAL,DF,55442.00,6,2015,13/09/2017 00:00:00
190,Distrito Federal,DF,56058.40,6,2016,13/09/2017 00:00:00
191,DISTRITO FEDERAL,DF,43766.00,9,2012,13/09/2017 00:00:00
192,DISTRITO FEDERAL,DF,16178.00,9,2013,13/09/2017 00:00:00
193,DISTRITO FEDERAL,DF,47377.00,9,2014,13/09/2017 00:00:00
194,DISTRITO FEDERAL,DF,55442.00,9,2015,13/09/2017 00:00:00
195,Distrito Federal,DF,56058.40,9,2016,13/09/2017 00:00:00
197,ESPIRITO SANTO,ES,1165516.00,12,2006,13/09/2017 00:00:00
198,ESPIRITO SANTO,ES,1390876.00,12,2007,13/09/2017 00:00:00
199,ESPIRITO SANTO,ES,1410876.00,12,2008,13/09/2017 00:00:00
200,ESPIRITO SANTO,ES,1524806.00,12,2009,13/09/2017 00:00:00
201,ESPIRITO SANTO,ES,1758851.00,12,2010,13/09/2017 00:00:00
202,ESPIRITO SANTO,ES,1966948.00,12,2011,13/09/2017 00:00:00
203,ESPIRITO SANTO,ES,1872815.00,12,2012,13/09/2017 00:00:00
204,ESPIRITO SANTO,ES,1872815.00,12,2013,13/09/2017 00:00:00
205,ESPIRITO SANTO,ES,1522435.00,12,2014,13/09/2017 00:00:00
206,ESPIRITO SANTO,ES,1539815.40,12,2015,13/09/2017 00:00:00
207,Espirito Santo,ES,1539642.90,12,2016,13/09/2017 00:00:00
208,ESPIRITO SANTO,ES,1966948.00,3,2012,13/09/2017 00:00:00
209,ESPIRITO SANTO,ES,1872815.00,3,2013,13/09/2017 00:00:00
210,ESPIRITO SANTO,ES,1881234.00,3,2014,13/09/2017 00:00:00
211,ESPIRITO SANTO,ES,1530781.00,3,2015,13/09/2017 00:00:00
212,ESPIRITO SANTO,ES,1539823.00,3,2016,13/09/2017 00:00:00
213,Espirito Santo,ES,1538238.90,3,2017,13/09/2017 00:00:00
214,ESPIRITO SANTO,ES,1970988.00,6,2012,13/09/2017 00:00:00
215,ESPIRITO SANTO,ES,1872815.00,6,2013,13/09/2017 00:00:00
216,ESPIRITO SANTO,ES,1870819.00,6,2014,13/09/2017 00:00:00
217,ESPIRITO SANTO,ES,1539575.00,6,2015,13/09/2017 00:00:00
218,Espirito Santo,ES,1539822.90,6,2016,13/09/2017 00:00:00
219,ESPIRITO SANTO,ES,1970988.00,9,2012,13/09/2017 00:00:00
220,ESPIRITO SANTO,ES,1872815.00,9,2013,13/09/2017 00:00:00
221,ESPIRITO SANTO,ES,1525929.00,9,2014,13/09/2017 00:00:00
222,ESPIRITO SANTO,ES,1539575.00,9,2015,13/09/2017 00:00:00
223,Espirito Santo,ES,1539822.90,9,2016,13/09/2017 00:00:00
225,GOIAS,GO,8605256.40,12,2006,13/09/2017 00:00:00
226,GOIAS,GO,8606664.40,12,2007,13/09/2017 00:00:00
227,GOIAS,GO,8737405.60,12,2008,13/09/2017 00:00:00
228,GOIAS,GO,8765159.60,12,2009,13/09/2017 00:00:00
229,GOIAS,GO,8904031.60,12,2010,13/09/2017 00:00:00
230,GOIAS,GO,9903194.00,12,2011,13/09/2017 00:00:00
231,GOIAS,GO,10261018.20,12,2012,13/09/2017 00:00:00
232,GOIAS,GO,10578599.00,12,2013,13/09/2017 00:00:00
233,GOIAS,GO,7313355.00,12,2014,13/09/2017 00:00:00
234,GOIAS,GO,7414609.11,12,2015,13/09/2017 00:00:00
235,Goias,GO,7563968.05,12,2016,13/09/2017 00:00:00
236,GOIAS,GO,9971568.20,3,2012,13/09/2017 00:00:00
237,GOIAS,GO,10575553.00,3,2013,13/09/2017 00:00:00
238,GOIAS,GO,10579551.00,3,2014,13/09/2017 00:00:00
239,GOIAS,GO,7323192.00,3,2015,13/09/2017 00:00:00
240,GOIAS,GO,7461020.00,3,2016,13/09/2017 00:00:00
241,Goias,GO,7574928.09,3,2017,13/09/2017 00:00:00
242,GOIAS,GO,10021568.20,6,2012,13/09/2017 00:00:00
243,GOIAS,GO,10572043.00,6,2013,13/09/2017 00:00:00
244,GOIAS,GO,10631699.00,6,2014,13/09/2017 00:00:00
245,GOIAS,GO,7373073.00,6,2015,13/09/2017 00:00:00
246,Goias,GO,7505520.05,6,2016,13/09/2017 00:00:00
247,GOIAS,GO,9814102.00,9,2012,13/09/2017 00:00:00
248,GOIAS,GO,10576299.00,9,2013,13/09/2017 00:00:00
249,GOIAS,GO,7240800.00,9,2014,13/09/2017 00:00:00
250,GOIAS,GO,7374609.00,9,2015,13/09/2017 00:00:00
251,Goias,GO,7570920.05,9,2016,13/09/2017 00:00:00
253,MARANHAO,MA,247612.00,12,2006,13/09/2017 00:00:00
254,MARANHAO,MA,247080.80,12,2007,13/09/2017 00:00:00
255,MARANHAO,MA,254280.80,12,2008,13/09/2017 00:00:00
256,MARANHAO,MA,265184.80,12,2009,13/09/2017 00:00:00
257,MARANHAO,MA,672124.80,12,2010,13/09/2017 00:00:00
258,MARANHAO,MA,1180450.00,12,2011,13/09/2017 00:00:00
259,MARANHAO,MA,1591274.80,12,2012,13/09/2017 00:00:00
260,MARANHAO,MA,3027829.00,12,2013,13/09/2017 00:00:00
261,MARANHAO,MA,3053971.00,12,2014,13/09/2017 00:00:00
262,MARANHAO,MA,3073605.43,12,2015,13/09/2017 00:00:00
263,Maranhao,MA,3592609.43,12,2016,13/09/2017 00:00:00
264,MARANHAO,MA,1316324.80,3,2012,13/09/2017 00:00:00
265,MARANHAO,MA,2633762.00,3,2013,13/09/2017 00:00:00
266,MARANHAO,MA,3035229.00,3,2014,13/09/2017 00:00:00
267,MARANHAO,MA,3064129.00,3,2015,13/09/2017 00:00:00
268,MARANHAO,MA,3076005.00,3,2016,13/09/2017 00:00:00
269,Maranhao,MA,3592609.43,3,2017,13/09/2017 00:00:00
270,CEARA,MA,1452199.80,6,2012,13/09/2017 00:00:00
271,MARANHAO,MA,2802595.00,6,2013,13/09/2017 00:00:00
272,MARANHAO,MA,3162629.00,6,2014,13/09/2017 00:00:00
273,MARANHAO,MA,3068056.00,6,2015,13/09/2017 00:00:00
274,Maranhao,MA,3592609.43,6,2016,13/09/2017 00:00:00
275,MARANHAO,MA,1352580.00,9,2012,13/09/2017 00:00:00
276,MARANHAO,MA,2802752.00,9,2013,13/09/2017 00:00:00
277,MARANHAO,MA,3052769.00,9,2014,13/09/2017 00:00:00
278,MARANHAO,MA,3068605.00,9,2015,13/09/2017 00:00:00
279,Maranhao,MA,3592609.43,9,2016,13/09/2017 00:00:00
281,MINAS GERAIS,MG,18031374.95,12,2006,13/09/2017 00:00:00
282,MINAS GERAIS,MG,18207831.95,12,2007,13/09/2017 00:00:00
283,MINAS GERAIS,MG,18403127.45,12,2008,13/09/2017 00:00:00
284,MINAS GERAIS,MG,18403433.45,12,2009,13/09/2017 00:00:00
285,MINAS GERAIS,MG,18714031.45,12,2010,13/09/2017 00:00:00
286,MINAS GERAIS,MG,19500264.00,12,2011,13/09/2017 00:00:00
287,MINAS GERAIS,MG,19662121.16,12,2012,13/09/2017 00:00:00
288,MINAS GERAIS,MG,20095486.00,12,2013,13/09/2017 00:00:00
289,MINAS GERAIS,MG,15486809.00,12,2014,13/09/2017 00:00:00
290,MINAS GERAIS,MG,15662491.79,12,2015,13/09/2017 00:00:00
291,Minas Gerais,MG,15797899.95,12,2016,13/09/2017 00:00:00
292,MINAS GERAIS,MG,19546728.45,3,2012,13/09/2017 00:00:00
293,MINAS GERAIS,MG,19686402.00,3,2013,13/09/2017 00:00:00
294,MINAS GERAIS,MG,20146682.00,3,2014,13/09/2017 00:00:00
295,MINAS GERAIS,MG,15574450.00,3,2015,13/09/2017 00:00:00
296,MINAS GERAIS,MG,15671474.00,3,2016,13/09/2017 00:00:00
297,Minas Gerais,MG,15801826.49,3,2017,13/09/2017 00:00:00
298,MINAS GERAIS,MG,19593728.45,6,2012,13/09/2017 00:00:00
299,MINAS GERAIS,MG,19806043.00,6,2013,13/09/2017 00:00:00
300,MINAS GERAIS,MG,19539469.00,6,2014,13/09/2017 00:00:00
301,MINAS GERAIS,MG,15653931.00,6,2015,13/09/2017 00:00:00
302,Minas Gerais,MG,15765708.47,6,2016,13/09/2017 00:00:00
303,MINAS GERAIS,MG,19652361.00,9,2012,13/09/2017 00:00:00
304,MINAS GERAIS,MG,20038178.00,9,2013,13/09/2017 00:00:00
305,MINAS GERAIS,MG,15472693.00,9,2014,13/09/2017 00:00:00
306,MINAS GERAIS,MG,15659935.00,9,2015,13/09/2017 00:00:00
307,Minas Gerais,MG,15792069.15,9,2016,13/09/2017 00:00:00
309,MATO GROSSO DO SUL,MS,7324683.00,12,2006,13/09/2017 00:00:00
310,MATO GROSSO DO SUL,MS,7361447.00,12,2007,13/09/2017 00:00:00
311,MATO GROSSO DO SUL,MS,7375947.00,12,2008,13/09/2017 00:00:00
312,MATO GROSSO DO SUL,MS,7655701.00,12,2009,13/09/2017 00:00:00
313,MATO GROSSO DO SUL,MS,7826471.00,12,2010,13/09/2017 00:00:00
314,MATO GROSSO DO SUL,MS,8224679.00,12,2011,13/09/2017 00:00:00
315,MATO GROSSO DO SUL,MS,8440948.00,12,2012,13/09/2017 00:00:00
316,MATO GROSSO DO SUL,MS,8781922.00,12,2013,13/09/2017 00:00:00
317,MATO GROSSO DO SUL,MS,2100221.00,12,2014,13/09/2017 00:00:00
318,MATO GROSSO DO SUL,MS,2362729.38,12,2015,13/09/2017 00:00:00
319,Mato Grosso do Sul,MS,2312411.38,12,2016,13/09/2017 00:00:00
320,MATO GROSSO DO SUL,MS,8297695.00,3,2012,13/09/2017 00:00:00
321,MATO GROSSO DO SUL,MS,8437948.00,3,2013,13/09/2017 00:00:00
322,MATO GROSSO DO SUL,MS,8782685.00,3,2014,13/09/2017 00:00:00
323,MATO GROSSO DO SUL,MS,2106130.00,3,2015,13/09/2017 00:00:00
324,MATO GROSSO DO SUL,MS,2357369.00,3,2016,13/09/2017 00:00:00
325,Mato Grosso do Sul,MS,2312411.38,3,2017,13/09/2017 00:00:00
326,MATO GROSSO DO SUL,MS,8426416.00,6,2012,13/09/2017 00:00:00
327,MATO GROSSO DO SUL,MS,8494892.00,6,2013,13/09/2017 00:00:00
328,MATO GROSSO DO SUL,MS,8782687.00,6,2014,13/09/2017 00:00:00
329,MATO GROSSO DO SUL,MS,2246729.00,6,2015,13/09/2017 00:00:00
330,Mato Grosso do Sul,MS,2307369.38,6,2016,13/09/2017 00:00:00
331,MATO GROSSO DO SUL,MS,8752486.00,9,2012,13/09/2017 00:00:00
332,MATO GROSSO DO SUL,MS,8661915.00,9,2013,13/09/2017 00:00:00
333,MATO GROSSO DO SUL,MS,2090407.00,9,2014,13/09/2017 00:00:00
334,MATO GROSSO DO SUL,MS,2362729.00,9,2015,13/09/2017 00:00:00
335,Mato Grosso do Sul,MS,2360207.38,9,2016,13/09/2017 00:00:00
337,MATO GROSSO,MT,1917727.20,12,2006,13/09/2017 00:00:00
338,MATO GROSSO,MT,1984299.42,12,2007,13/09/2017 00:00:00
339,MATO GROSSO,MT,2027430.62,12,2008,13/09/2017 00:00:00
340,MATO GROSSO,MT,2099130.62,12,2009,13/09/2017 00:00:00
341,MATO GROSSO,MT,2138459.82,12,2010,13/09/2017 00:00:00
342,MATO GROSSO,MT,2584740.00,12,2011,13/09/2017 00:00:00
343,MATO GROSSO,MT,2640048.82,12,2012,13/09/2017 00:00:00
344,MATO GROSSO,MT,2804909.00,12,2013,13/09/2017 00:00:00
345,MATO GROSSO,MT,2842410.00,12,2014,13/09/2017 00:00:00
346,MATO GROSSO,MT,2906079.60,12,2015,13/09/2017 00:00:00
347,Mato Grosso do Sul,MT,3088606.10,12,2016,13/09/2017 00:00:00
348,MATO GROSSO,MT,2617257.82,3,2012,13/09/2017 00:00:00
349,MATO GROSS,MT,2643031.00,3,2013,13/09/2017 00:00:00
350,MATO GROSSO,MT,2804909.00,3,2014,13/09/2017 00:00:00
351,MATO GROSSO,MT,2893372.00,3,2015,13/09/2017 00:00:00
352,MATO GROSSO,MT,2925960.00,3,2016,13/09/2017 00:00:00
353,Mato Grosso do Sul,MT,3090647.35,3,2017,13/09/2017 00:00:00
354,MATO GROSSO,MT,2617257.82,6,2012,13/09/2017 00:00:00
355,MATO GROSSO,MT,2761190.00,6,2013,13/09/2017 00:00:00
356,MATO GROSSO,MT,2810309.00,6,2014,13/09/2017 00:00:00
357,MATO GROSSO,MT,2904632.00,6,2015,13/09/2017 00:00:00
358,Mato Grosso do Sul,MT,2972940.10,6,2016,13/09/2017 00:00:00
359,MATO GROSSO,MT,2625758.00,9,2012,13/09/2017 00:00:00
360,MATO GROSSO,MT,2804909.00,9,2013,13/09/2017 00:00:00
361,MATO GROSSO,MT,2807718.00,9,2014,13/09/2017 00:00:00
362,MATO GROSSO,MT,2906080.00,9,2015,13/09/2017 00:00:00
363,Mato Grosso do Sul,MT,3086236.10,9,2016,13/09/2017 00:00:00
365,PARA,PA,7524644.20,12,2006,13/09/2017 00:00:00
366,PARA,PA,8861181.20,12,2007,13/09/2017 00:00:00
367,PARA,PA,8753570.40,12,2008,13/09/2017 00:00:00
368,PARA,PA,8716065.40,12,2009,13/09/2017 00:00:00
369,PARA,PA,8736433.40,12,2010,13/09/2017 00:00:00
370,PARA,PA,8872744.00,12,2011,13/09/2017 00:00:00
371,PARA,PA,8885729.60,12,2012,13/09/2017 00:00:00
372,PARA,PA,9059697.00,12,2013,13/09/2017 00:00:00
373,PARA,PA,9074721.00,12,2014,13/09/2017 00:00:00
374,PARA,PA,9491915.33,12,2015,13/09/2017 00:00:00
375,Para,PA,12966433.08,12,2016,13/09/2017 00:00:00
376,PARA,PA,8883553.40,3,2012,13/09/2017 00:00:00
377,PARA,PA,9054730.00,3,2013,13/09/2017 00:00:00
378,PARA,PA,9059889.00,3,2014,13/09/2017 00:00:00
379,PARA,PA,9085097.00,3,2015,13/09/2017 00:00:00
380,PARA,PA,9851245.00,3,2016,13/09/2017 00:00:00
381,Para,PA,13715633.48,3,2017,13/09/2017 00:00:00
382,PARA,PA,8883553.40,6,2012,13/09/2017 00:00:00
383,PARA,PA,9054730.00,6,2013,13/09/2017 00:00:00
384,PARA,PA,9059889.00,6,2014,13/09/2017 00:00:00
385,PARA,PA,9107258.00,6,2015,13/09/2017 00:00:00
386,Para,PA,10538390.95,6,2016,13/09/2017 00:00:00
387,PARA,PA,8885585.00,9,2012,13/09/2017 00:00:00
388,PARA,PA,9058286.00,9,2013,13/09/2017 00:00:00
389,PARA,PA,9074721.00,9,2014,13/09/2017 00:00:00
390,PARA,PA,9127926.00,9,2015,13/09/2017 00:00:00
391,Para,PA,12927415.08,9,2016,13/09/2017 00:00:00
393,PARAIBA,PB,50936.00,12,2006,13/09/2017 00:00:00
394,PARAIBA,PB,61136.00,12,2007,13/09/2017 00:00:00
395,PARAIBA,PB,61136.00,12,2008,13/09/2017 00:00:00
396,PARAIBA,PB,115886.00,12,2009,13/09/2017 00:00:00
397,PARAIBA,PB,115886.00,12,2010,13/09/2017 00:00:00
398,PARAIBA,PB,637470.00,12,2011,13/09/2017 00:00:00
399,PARAIBA,PB,640470.00,12,2012,13/09/2017 00:00:00
400,PARAIBA,PB,641470.00,12,2013,13/09/2017 00:00:00
401,PARAIBA,PB,641476.00,12,2014,13/09/2017 00:00:00
402,PARAIBA,PB,642578.80,12,2015,13/09/2017 00:00:00
403,Paraiba,PB,657578.80,12,2016,13/09/2017 00:00:00
404,PARAIBA,PB,637470.00,3,2012,13/09/2017 00:00:00
405,PARAIBA,PB,640470.00,3,2013,13/09/2017 00:00:00
406,PARAIBA,PB,641470.00,3,2014,13/09/2017 00:00:00
407,PARAIBA,PB,642276.00,3,2015,13/09/2017 00:00:00
408,PARAIBA,PB,645579.00,3,2016,13/09/2017 00:00:00
409,Paraiba,PB,657578.80,3,2017,13/09/2017 00:00:00
410,PARAIBA,PB,637470.00,6,2012,13/09/2017 00:00:00
411,PARAIBA,PB,641470.00,6,2013,13/09/2017 00:00:00
412,PARAIBA,PB,641470.00,6,2014,13/09/2017 00:00:00
413,PARAIBA,PB,642270.00,6,2015,13/09/2017 00:00:00
414,Paraiba,PB,657578.80,6,2016,13/09/2017 00:00:00
415,PARAIBA,PB,122610.00,9,2012,13/09/2017 00:00:00
416,PARAIBA,PB,641470.00,9,2013,13/09/2017 00:00:00
417,PARAIBA,PB,641470.00,9,2014,13/09/2017 00:00:00
418,PARAIBA,PB,642270.00,9,2015,13/09/2017 00:00:00
419,Paraiba,PB,657578.80,9,2016,13/09/2017 00:00:00
421,PERNAMBUCO,PE,2382832.70,12,2006,13/09/2017 00:00:00
422,PERNAMBUCO,PE,2388832.70,12,2007,13/09/2017 00:00:00
423,PERNAMBUCO,PE,2418564.70,12,2008,13/09/2017 00:00:00
424,PERNAMBUCO,PE,2704028.70,12,2009,13/09/2017 00:00:00
425,PERNAMBUCO,PE,2716941.70,12,2010,13/09/2017 00:00:00
426,PERNAMBUCO,PE,2806382.00,12,2011,13/09/2017 00:00:00
427,PERNAMBUCO,PE,2817094.70,12,2012,13/09/2017 00:00:00
428,PERNAMBUCO,PE,3401067.00,12,2014,13/09/2017 00:00:00
429,PERNAMBUCO,PE,3873270.95,12,2015,13/09/2017 00:00:00
430,Pernambuco,PE,4152131.95,12,2016,13/09/2017 00:00:00
431,PERNAMBUCO,PE,2816455.70,3,2012,13/09/2017 00:00:00
432,PERNAMBUCO,PE,3210354.00,3,2013,13/09/2017 00:00:00
433,PERNAMBUCO,PE,3394958.00,3,2014,13/09/2017 00:00:00
434,PERNAMBUCO,PE,3521560.00,3,2015,13/09/2017 00:00:00
435,PERNAMBUCO,PE,3875791.00,3,2016,13/09/2017 00:00:00
436,Pernambuco,PE,4156381.59,3,2017,13/09/2017 00:00:00
437,PERNAMBUCO,PE,2815855.70,6,2012,13/09/2017 00:00:00
438,PERNAMBUCO,PE,3190834.00,6,2013,13/09/2017 00:00:00
439,PERNAMBUCO,PE,3400598.00,6,2014,13/09/2017 00:00:00
440,PERNAMBUCO,PE,3537328.00,6,2015,13/09/2017 00:00:00
441,Pernambuco,PE,4071300.95,6,2016,13/09/2017 00:00:00
442,PERNAMBUCO,PE,2816730.00,9,2012,13/09/2017 00:00:00
443,PERNAMBUCO,PE,3191201.00,9,2013,13/09/2017 00:00:00
444,PERNAMBUCO,PE,3400960.00,9,2014,13/09/2017 00:00:00
445,PERNAMBUCO,PE,3550626.00,9,2015,13/09/2017 00:00:00
446,Pernambuco,PE,4097631.95,9,2016,13/09/2017 00:00:00
448,PIAUI,PI,290010.00,12,2006,13/09/2017 00:00:00
449,PIAUI,PI,290010.00,12,2007,13/09/2017 00:00:00
450,PIAUI,PI,290010.00,12,2008,13/09/2017 00:00:00
451,PIAUI,PI,316810.00,12,2009,13/09/2017 00:00:00
452,PIAUI,PI,316810.00,12,2010,13/09/2017 00:00:00
453,PIAUI,PI,316944.00,12,2011,13/09/2017 00:00:00
454,PIAUI,PI,316944.00,12,2012,13/09/2017 00:00:00
455,PIAUI,PI,318115.00,12,2013,13/09/2017 00:00:00
456,PIAUI,PI,388115.00,12,2014,13/09/2017 00:00:00
457,PIAUI,PI,814186.00,12,2015,13/09/2017 00:00:00
458,Piaui,PI,1196286.00,12,2016,13/09/2017 00:00:00
459,PIAUI,PI,316944.00,3,2012,13/09/2017 00:00:00
460,PIAUI,PI,316944.00,3,2013,13/09/2017 00:00:00
461,PIAUI,PI,318115.00,3,2014,13/09/2017 00:00:00
462,PIAUI,PI,388115.00,3,2015,13/09/2017 00:00:00
463,PIAUI,PI,1016886.00,3,2016,13/09/2017 00:00:00
464,Piaui,PI,1292886.00,3,2017,13/09/2017 00:00:00
465,PIAUI,PI,316944.00,6,2012,13/09/2017 00:00:00
466,PIAUI,PI,316944.00,6,2013,13/09/2017 00:00:00
467,PIAUI,PI,318115.00,6,2014,13/09/2017 00:00:00
468,PIAUI,PI,574036.00,6,2015,13/09/2017 00:00:00
469,Piaui,PI,1016886.00,6,2016,13/09/2017 00:00:00
470,PIAUI,PI,637470.00,9,2012,13/09/2017 00:00:00
471,PIAUI,PI,317136.00,9,2013,13/09/2017 00:00:00
472,PIAUI,PI,388115.00,9,2014,13/09/2017 00:00:00
473,PIAUI,PI,603636.00,9,2015,13/09/2017 00:00:00
474,Piaui,PI,1150286.00,9,2016,13/09/2017 00:00:00
476,PARANA,PR,17468332.00,12,2006,13/09/2017 00:00:00
477,PARANA,PR,17547298.00,12,2007,13/09/2017 00:00:00
478,PARANA,PR,17616126.00,12,2008,13/09/2017 00:00:00
479,PARANA,PR,17641764.00,12,2009,13/09/2017 00:00:00
480,PARANA,PR,17787354.00,12,2010,13/09/2017 00:00:00
481,PARANA,PR,17753342.00,12,2011,13/09/2017 00:00:00
482,PARANA,PR,18130570.20,12,2012,13/09/2017 00:00:00
483,PARANA,PR,18232699.00,12,2013,13/09/2017 00:00:00
484,PARANA,PR,16117214.00,12,2014,13/09/2017 00:00:00
485,PARANA,PR,16219526.21,12,2015,13/09/2017 00:00:00
486,Parana,PR,16641322.92,12,2016,13/09/2017 00:00:00
487,PARANA,PR,17761687.20,3,2012,13/09/2017 00:00:00
488,PARANA,PR,18141048.00,3,2013,13/09/2017 00:00:00
489,PARANA,PR,18233786.00,3,2014,13/09/2017 00:00:00
490,PARANA,PR,16140168.00,3,2015,13/09/2017 00:00:00
491,PARANA,PR,16227364.00,3,2016,13/09/2017 00:00:00
492,Parana,PR,16643656.32,3,2017,13/09/2017 00:00:00
493,PARANA,PR,17761687.20,6,2012,13/09/2017 00:00:00
494,PARANA,PR,18150542.00,6,2013,13/09/2017 00:00:00
495,PARANA,PR,18234011.00,6,2014,13/09/2017 00:00:00
496,PARANA,PR,16191484.00,6,2015,13/09/2017 00:00:00
497,Parana,PR,16248359.21,6,2016,13/09/2017 00:00:00
498,PARANA,PR,17776227.00,9,2012,13/09/2017 00:00:00
499,PARANA,PR,18231871.00,9,2013,13/09/2017 00:00:00
500,PARANA,PR,16114439.00,9,2014,13/09/2017 00:00:00
501,PARANA,PR,16193724.00,9,2015,13/09/2017 00:00:00
502,Parana,PR,16626567.82,9,2016,13/09/2017 00:00:00
504,RIO DE JANEIRO,RJ,7404536.40,12,2006,13/09/2017 00:00:00
505,RIO DE JANEIRO,RJ,7672987.40,12,2007,13/09/2017 00:00:00
506,RIO DE JANEIRO,RJ,7763037.40,12,2008,13/09/2017 00:00:00
507,RIO DE JANEIRO,RJ,7827536.40,12,2009,13/09/2017 00:00:00
508,RIO DE JANEIRO,RJ,7870648.40,12,2010,13/09/2017 00:00:00
509,RIO DE JANEIRO,RJ,8667164.00,12,2011,13/09/2017 00:00:00
510,RIO DE JANEIRO,RJ,8699748.40,12,2012,13/09/2017 00:00:00
511,RIO DE JANEIRO,RJ,8825077.00,12,2013,13/09/2017 00:00:00
512,RIO DE JANEIRO,RJ,8644056.00,12,2014,13/09/2017 00:00:00
513,BAHIA,RJ,8443724.18,12,2015,13/09/2017 00:00:00
514,Rio de Janeiro,RJ,8447617.78,12,2016,13/09/2017 00:00:00
515,RIO DE JANEIRO,RJ,8683482.40,3,2012,13/09/2017 00:00:00
516,RIO DE JANEIRO,RJ,8700317.00,3,2013,13/09/2017 00:00:00
517,RIO DE JANEIRO,RJ,9052117.00,3,2014,13/09/2017 00:00:00
518,RIO DE JANEIRO,RJ,8877570.00,3,2015,13/09/2017 00:00:00
519,RIO DE JANEIRO,RJ,8443724.00,3,2016,13/09/2017 00:00:00
520,Rio de Janeiro,RJ,8451853.73,3,2017,13/09/2017 00:00:00
521,RIO DE JANEIRO,RJ,8695982.40,6,2012,13/09/2017 00:00:00
522,RIO DE JANEIRO,RJ,8618687.00,6,2013,13/09/2017 00:00:00
523,RIO DE JANEIRO,RJ,9058745.00,6,2014,13/09/2017 00:00:00
524,RIO DE JANEIRO,RJ,8918218.00,6,2015,13/09/2017 00:00:00
525,Rio de Janeiro,RJ,8444919.38,6,2016,13/09/2017 00:00:00
526,RIO DE JANEIRO,RJ,8878279.00,9,2012,13/09/2017 00:00:00
527,RIO DE JANEIRO,RJ,8824091.00,9,2013,13/09/2017 00:00:00
528,RIO DE JANEIRO,RJ,8642984.00,9,2014,13/09/2017 00:00:00
529,RIO DE JANEIRO,RJ,8924060.00,9,2015,13/09/2017 00:00:00
530,Rio de Janeiro,RJ,8445493.78,9,2016,13/09/2017 00:00:00
532,RIO GRANDE DO NORTE,RN,88956.00,12,2006,13/09/2017 00:00:00
533,RIO GRANDE DO NORTE,RN,88956.00,12,2007,13/09/2017 00:00:00
534,RIO GRANDE DO NORTE,RN,147426.00,12,2008,13/09/2017 00:00:00
535,RIO GRANDE DO NORTE,RN,582076.00,12,2009,13/09/2017 00:00:00
536,RIO GRANDE DO NORTE,RN,582076.00,12,2010,13/09/2017 00:00:00
537,RIO GRANDE DO NORTE,RN,743320.00,12,2011,13/09/2017 00:00:00
538,RIO GRANDE DO NORTE,RN,926704.00,12,2012,13/09/2017 00:00:00
539,RIO GRANDE DO NORTE,RN,930251.00,12,2013,13/09/2017 00:00:00
540,RIO GRANDE DO NORTE,RN,2135054.00,12,2014,13/09/2017 00:00:00
541,RIO GRANDE DO NORTE,RN,2909859.84,12,2015,13/09/2017 00:00:00
542,Rio Grande do Norte,RN,3834199.84,12,2016,13/09/2017 00:00:00
543,RIO GRANDE DO NORTE,RN,847620.00,3,2012,13/09/2017 00:00:00
544,RIO GRANDE DO NORTE,RN,947204.00,3,2013,13/09/2017 00:00:00
545,RIO GRANDE DO NORTE,RN,1204067.00,3,2014,13/09/2017 00:00:00
546,RIO GRANDE DO NORTE,RN,2439488.00,3,2015,13/09/2017 00:00:00
547,RIO GRANDE DO NORTE,RN,3194200.00,3,2016,13/09/2017 00:00:00
548,Rio Grande do Norte,RN,3834199.84,3,2017,13/09/2017 00:00:00
549,RIO GRANDE DO NORTE,RN,847620.00,6,2012,13/09/2017 00:00:00
550,RIO GRANDE DO NORTE,RN,902251.00,6,2013,13/09/2017 00:00:00
551,RIO GRANDE DO NORTE,RN,1415467.00,6,2014,13/09/2017 00:00:00
552,RIO GRANDE DO NORTE,RN,2711860.00,6,2015,13/09/2017 00:00:00
553,Rio Grande do Norte,RN,3368799.84,6,2016,13/09/2017 00:00:00
554,RIO GRANDE DO NORTE,RN,855754.00,9,2012,13/09/2017 00:00:00
555,RIO GRANDE DO NORTE,RN,902251.00,9,2013,13/09/2017 00:00:00
556,RIO GRANDE DO NORTE,RN,1603703.00,9,2014,13/09/2017 00:00:00
557,RIO GRANDE DO NORTE,RN,2803660.00,9,2015,13/09/2017 00:00:00
558,Rio Grande do Norte,RN,3712399.84,9,2016,13/09/2017 00:00:00
560,RONDONIA,RO,888626.08,12,2006,13/09/2017 00:00:00
561,RONDONIA,RO,896881.48,12,2007,13/09/2017 00:00:00
562,RONDONIA,RO,902441.48,12,2008,13/09/2017 00:00:00
563,RONDONIA,RO,914148.48,12,2009,13/09/2017 00:00:00
564,RONDONIA,RO,933159.48,12,2010,13/09/2017 00:00:00
565,RONDONIA,RO,1007058.00,12,2011,13/09/2017 00:00:00
566,RONDONIA,RO,1630940.48,12,2012,13/09/2017 00:00:00
567,RONDONIA,RO,2144928.00,12,2013,13/09/2017 00:00:00
568,RONDONIA,RO,6283516.56,12,2015,13/09/2017 00:00:00
569,Rondonia,RO,8017439.56,12,2016,13/09/2017 00:00:00
570,RONDONIA,RO,1149179.48,3,2012,13/09/2017 00:00:00
571,RONDONIA,RO,1712459.00,3,2013,13/09/2017 00:00:00
572,RONDONIA,RO,6880245.00,3,2016,13/09/2017 00:00:00
573,Rondonia,RO,8396091.68,3,2017,13/09/2017 00:00:00
574,RONDONIA,RO,1289300.48,6,2012,13/09/2017 00:00:00
575,RONDONIA,RO,1784168.00,6,2013,13/09/2017 00:00:00
576,RONDONIA,RO,3409201.00,6,2014,13/09/2017 00:00:00
577,RONDONIA,RO,5767721.00,6,2015,13/09/2017 00:00:00
578,Rondonia,RO,7322479.56,6,2016,13/09/2017 00:00:00
579,RONDONIA,RO,1381485.00,9,2012,13/09/2017 00:00:00
580,RONDONIA,RO,2005748.00,9,2013,13/09/2017 00:00:00
581,RONDONIA,RO,5921047.00,9,2015,13/09/2017 00:00:00
582,Rondonia,RO,8017439.56,9,2016,13/09/2017 00:00:00
584,RORAIMA,RR,118030.40,12,2006,13/09/2017 00:00:00
585,RORAIMA,RR,118102.40,12,2007,13/09/2017 00:00:00
586,RORAIMA,RR,117278.40,12,2008,13/09/2017 00:00:00
587,RORAIMA,RR,127410.40,12,2009,13/09/2017 00:00:00
588,RORAIMA,RR,127410.40,12,2010,13/09/2017 00:00:00
589,RORAIMA,RR,122610.00,12,2011,13/09/2017 00:00:00
590,RORAIMA,RR,122610.40,12,2012,13/09/2017 00:00:00
591,RORAIMA,RR,122610.00,12,2013,13/09/2017 00:00:00
592,RORAIMA,RR,4745751.00,12,2014,13/09/2017 00:00:00
593,RORAIMA,RR,264345.40,12,2015,13/09/2017 00:00:00
594,Roraima,RR,263360.40,12,2016,13/09/2017 00:00:00
595,RORAIMA,RR,122610.40,3,2012,13/09/2017 00:00:00
596,RORAIMA,RR,122610.00,3,2013,13/09/2017 00:00:00
597,RORAIMA,RR,122610.00,3,2014,13/09/2017 00:00:00
598,RORAIMA,RR,124438.00,3,2015,13/09/2017 00:00:00
599,RORAIMA,RR,263370.00,3,2016,13/09/2017 00:00:00
600,Roraima,RR,263360.40,3,2017,13/09/2017 00:00:00
601,RORAIMA,RR,122610.40,6,2012,13/09/2017 00:00:00
602,RORAIMA,RR,122610.00,6,2013,13/09/2017 00:00:00
603,RORAIMA,RR,122610.00,6,2014,13/09/2017 00:00:00
604,RORAIMA,RR,263989.00,6,2015,13/09/2017 00:00:00
605,Roraima,RR,263360.40,6,2016,13/09/2017 00:00:00
606,RORAIMA,RR,159722.00,9,2012,13/09/2017 00:00:00
607,RORAIMA,RR,122610.00,9,2013,13/09/2017 00:00:00
608,RORAIMA,RR,4072261.00,9,2014,13/09/2017 00:00:00
609,RORAIMA,RR,264345.00,9,2015,13/09/2017 00:00:00
610,Roraima,RR,263360.40,9,2016,13/09/2017 00:00:00
612,RIO GRANDE DO SUL,RS,6598474.60,12,2006,13/09/2017 00:00:00
613,RIO GRANDE DO SUL,RS,6640554.60,12,2007,13/09/2017 00:00:00
614,RIO GRANDE DO SUL,RS,6826128.60,12,2008,13/09/2017 00:00:00
615,RIO GRANDE DO SUL,RS,7006976.60,12,2009,13/09/2017 00:00:00
616,RIO GRANDE DO SUL,RS,7150077.60,12,2010,13/09/2017 00:00:00
617,RIO GRANDE DO SUL,RS,8704267.00,12,2011,13/09/2017 00:00:00
618,RIO GRANDE DO SUL,RS,8925936.40,12,2012,13/09/2017 00:00:00
619,RIO GRANDE DO SUL,RS,9132560.00,12,2013,13/09/2017 00:00:00
620,RIO GRANDE DO SUL,RS,8185627.00,12,2014,13/09/2017 00:00:00
621,RIO GRANDE DO SUL,RS,9341073.58,12,2015,13/09/2017 00:00:00
622,Rio Grande do Sul,RS,9403343.43,12,2016,13/09/2017 00:00:00
623,RIO GRANDE DO SUL,RS,8792286.80,3,2012,13/09/2017 00:00:00
624,RIO GRANDE DO SUL,RS,9047087.00,3,2013,13/09/2017 00:00:00
625,RIO GRANDE DO SUL,RS,9197636.00,3,2014,13/09/2017 00:00:00
626,RIO GRANDE DO SUL,RS,8726097.00,3,2015,13/09/2017 00:00:00
627,RIO GRANDE DO SUL,RS,9373986.00,3,2016,13/09/2017 00:00:00
628,Rio Grande do Sul,RS,9527879.28,3,2017,13/09/2017 00:00:00
629,RIO GRANDE DO SUL,RS,8832485.40,6,2012,13/09/2017 00:00:00
630,RIO GRANDE DO SUL,RS,9113983.00,6,2013,13/09/2017 00:00:00
631,RIO GRANDE DO SUL,RS,9199390.00,6,2014,13/09/2017 00:00:00
632,RIO GRANDE DO SUL,RS,9008493.00,6,2015,13/09/2017 00:00:00
633,Rio Grande do Sul,RS,9325557.23,6,2016,13/09/2017 00:00:00
634,RIO GRANDE DO SUL,RS,7690487.00,9,2012,13/09/2017 00:00:00
635,RIO GRANDE DO SUL,RS,9123195.00,9,2013,13/09/2017 00:00:00
636,RIO GRANDE DO SUL,RS,8086836.00,9,2014,13/09/2017 00:00:00
637,RIO GRANDE DO SUL,RS,9128384.00,9,2015,13/09/2017 00:00:00
638,Rio Grande do Sul,RS,9337886.73,9,2016,13/09/2017 00:00:00
640,SANTA CATARINA,SC,5159682.60,12,2006,13/09/2017 00:00:00
641,SANTA CATARINA,SC,5538453.60,12,2007,13/09/2017 00:00:00
642,SANTA CATARINA,SC,5570153.60,12,2008,13/09/2017 00:00:00
643,SANTA CATARINA,SC,5628259.10,12,2009,13/09/2017 00:00:00
644,SANTA CATARINA,SC,5884521.10,12,2010,13/09/2017 00:00:00
645,SANTA CATARINA,SC,6958051.00,12,2011,13/09/2017 00:00:00
646,SANTA CATARINA,SC,7177788.80,12,2012,13/09/2017 00:00:00
647,SANTA CATARINA,SC,7459793.00,12,2013,13/09/2017 00:00:00
648,SANTA CATARINA,SC,4497740.00,12,2014,13/09/2017 00:00:00
649,SANTA CATARINA,SC,4565119.82,12,2015,13/09/2017 00:00:00
650,Santa Catarina,SC,4588504.92,12,2016,13/09/2017 00:00:00
651,SANTA CATARINA,SC,7102818.10,3,2012,13/09/2017 00:00:00
652,SANTA CATARINA,SC,7208126.00,3,2013,13/09/2017 00:00:00
653,SANTA CATARINA,SC,7462276.00,3,2014,13/09/2017 00:00:00
654,SANTA CATARINA,SC,4529313.00,3,2015,13/09/2017 00:00:00
655,SANTA CATARINA,SC,4572104.00,3,2016,13/09/2017 00:00:00
656,Santa Catarina,SC,4627586.76,3,2017,13/09/2017 00:00:00
657,SANTA CATARINA,SC,7122985.10,6,2012,13/09/2017 00:00:00
658,SANTA CATARINA,SC,7211578.00,6,2013,13/09/2017 00:00:00
659,SANTA CATARINA,SC,7469074.00,6,2014,13/09/2017 00:00:00
660,SANTA CATARINA,SC,4545040.00,6,2015,13/09/2017 00:00:00
661,Santa Catarina,SC,4574946.20,6,2016,13/09/2017 00:00:00
662,SANTA CATARINA,SC,7132165.00,9,2012,13/09/2017 00:00:00
663,SANTA CATARINA,SC,7295298.00,9,2013,13/09/2017 00:00:00
664,SANTA CATARINA,SC,4493416.00,9,2014,13/09/2017 00:00:00
665,SANTA CATARINA,SC,4554246.00,9,2015,13/09/2017 00:00:00
666,Santa Catarina,SC,4583300.02,9,2016,13/09/2017 00:00:00
668,SERGIPE,SE,3174374.40,12,2006,13/09/2017 00:00:00
669,SERGIPE,SE,3175004.40,12,2007,13/09/2017 00:00:00
670,SERGIPE,SE,3184804.40,12,2008,13/09/2017 00:00:00
671,SERGIPE,SE,3191484.40,12,2009,13/09/2017 00:00:00
672,SERGIPE,SE,3199544.40,12,2010,13/09/2017 00:00:00
673,SERGIPE,SE,3225884.00,12,2011,13/09/2017 00:00:00
674,SERGIPE,SE,3282279.40,12,2012,13/09/2017 00:00:00
675,SERGIPE,SE,3283199.00,12,2013,13/09/2017 00:00:00
676,SERGIPE,SE,3284279.00,12,2014,13/09/2017 00:00:00
677,SERGIPE,SE,3290047.40,12,2015,13/09/2017 00:00:00
678,Sergipe,SE,3295871.40,12,2016,13/09/2017 00:00:00
679,SERGIPE,SE,3237779.40,3,2012,13/09/2017 00:00:00
680,SERGIPE,SE,3282279.00,3,2013,13/09/2017 00:00:00
681,SERGIPE,SE,3283199.00,3,2014,13/09/2017 00:00:00
682,SERGIPE,SE,3288663.00,3,2015,13/09/2017 00:00:00
683,SERGIPE,SE,3290047.00,3,2016,13/09/2017 00:00:00
684,Sergipe,SE,3295871.40,3,2017,13/09/2017 00:00:00
685,SERGIPE,SE,3237779.40,6,2012,13/09/2017 00:00:00
686,SERGIPE,SE,3281999.00,6,2013,13/09/2017 00:00:00
687,SERGIPE,SE,3284279.00,6,2014,13/09/2017 00:00:00
688,SERGIPE,SE,3288663.00,6,2015,13/09/2017 00:00:00
689,Sergipe,SE,3291247.40,6,2016,13/09/2017 00:00:00
690,SERGIPE,SE,3272279.00,9,2012,13/09/2017 00:00:00
691,SERGIPE,SE,3283199.00,9,2013,13/09/2017 00:00:00
692,SERGIPE,SE,3284279.00,9,2014,13/09/2017 00:00:00
693,SERGIPE,SE,3288847.00,9,2015,13/09/2017 00:00:00
694,Sergipe,SE,3295871.40,9,2016,13/09/2017 00:00:00
696,SÃO PAULO,SP,21404762.90,12,2006,13/09/2017 00:00:00
697,SÃO PAULO,SP,21618887.30,12,2007,13/09/2017 00:00:00
698,SÃO PAULO,SP,21802871.70,12,2008,13/09/2017 00:00:00
699,SÃO PAULO,SP,22350906.90,12,2009,13/09/2017 00:00:00
700,SÃO PAULO,SP,22966983.90,12,2010,13/09/2017 00:00:00
701,SÃO PAULO,SP,24084267.00,12,2011,13/09/2017 00:00:00
702,SÃO PAULO,SP,24923400.98,12,2012,13/09/2017 00:00:00
703,SÃO PAULO,SP,25165389.00,12,2013,13/09/2017 00:00:00
704,SÃO PAULO,SP,22326018.00,12,2014,13/09/2017 00:00:00
705,SÃO PAULO,SP,22828190.92,12,2015,13/09/2017 00:00:00
706,São Paulo,SP,23062166.47,12,2016,13/09/2017 00:00:00
707,SÃO PAULO,SP,24255748.98,3,2012,13/09/2017 00:00:00
708,SÃO PAULO,SP,25009767.00,3,2013,13/09/2017 00:00:00
709,SÃO PAULO,SP,25246570.00,3,2014,13/09/2017 00:00:00
710,SÃO PAULO,SP,22449797.00,3,2015,13/09/2017 00:00:00
711,SÃO PAULO,SP,22864528.00,3,2016,13/09/2017 00:00:00
712,São Paulo,SP,23062720.75,3,2017,13/09/2017 00:00:00
713,SÃO PAULO,SP,24489207.98,6,2012,13/09/2017 00:00:00
714,SÃO PAULO,SP,24960679.00,6,2013,13/09/2017 00:00:00
715,SÃO PAULO,SP,25337669.00,6,2014,13/09/2017 00:00:00
716,SÃO PAULO,SP,22721394.00,6,2015,13/09/2017 00:00:00
717,São Paulo,SP,22906394.32,6,2016,13/09/2017 00:00:00
718,SÃO PAULO,SP,24817144.00,9,2012,13/09/2017 00:00:00
719,SÃO PAULO,SP,25041984.00,9,2013,13/09/2017 00:00:00
720,SÃO PAULO,SP,22268753.00,9,2014,13/09/2017 00:00:00
721,SÃO PAULO,SP,22765707.00,9,2015,13/09/2017 00:00:00
722,São Paulo,SP,22989821.42,9,2016,13/09/2017 00:00:00
724,TOCANTINS,TO,1451910.00,12,2006,13/09/2017 00:00:00
725,TOCANTINS,TO,1468447.00,12,2007,13/09/2017 00:00:00
726,TOCANTINS,TO,1477747.00,12,2008,13/09/2017 00:00:00
727,TOCANTINS,TO,1521183.00,12,2009,13/09/2017 00:00:00
728,TOCANTINS,TO,1795333.00,12,2010,13/09/2017 00:00:00
729,TOCANTINS,TO,2324505.00,12,2011,13/09/2017 00:00:00
730,TOCANTINS,TO,2732130.00,12,2012,13/09/2017 00:00:00
731,TOCANTINS,TO,2988080.00,12,2013,13/09/2017 00:00:00
732,TOCANTINS,TO,1902262.00,12,2014,13/09/2017 00:00:00
733,TOCANTINS,TO,1917772.00,12,2015,13/09/2017 00:00:00
734,Tocantins,TO,1932872.00,12,2016,13/09/2017 00:00:00
735,TOCANTINS,TO,2460380.00,3,2012,13/09/2017 00:00:00
736,TOCANTINS,TO,2908080.00,3,2013,13/09/2017 00:00:00
737,TOCANTINS,TO,2988080.00,3,2014,13/09/2017 00:00:00
738,TOCANTINS,TO,1907510.00,3,2015,13/09/2017 00:00:00
739,TOCANTINS,TO,1932872.00,3,2016,13/09/2017 00:00:00
740,Tocantins,TO,1932872.00,3,2017,13/09/2017 00:00:00
741,TOCANTINS,TO,2596255.00,6,2012,13/09/2017 00:00:00
742,TOCANTINS,TO,2908080.00,6,2013,13/09/2017 00:00:00
743,TOCANTINS,TO,2988093.00,6,2014,13/09/2017 00:00:00
744,TOCANTINS,TO,1909076.00,6,2015,13/09/2017 00:00:00
745,Tocantins,TO,1932872.00,6,2016,13/09/2017 00:00:00
746,TOCANTINS,TO,2259870.00,9,2012,13/09/2017 00:00:00
747,TOCANTINS,TO,2988080.00,9,2013,13/09/2017 00:00:00
748,TOCANTINS,TO,1901333.00,9,2014,13/09/2017 00:00:00
749,TOCANTINS,TO,1911476.00,9,2015,13/09/2017 00:00:00
750,Tocantins,TO,1932872.00,9,2016,13/09/2017 00:00:00
752,Acre,AC,250401.90,6,2017,10/10/2017 00:00:00
753,Alagoas,AL,729369.10,6,2017,10/10/2017 00:00:00
754,Amazonas,AM,2280149.04,6,2017,10/10/2017 00:00:00
755,Amapa,AP,1159779.00,6,2017,10/10/2017 00:00:00
756,Bahia,BA,9713921.66,6,2017,10/10/2017 00:00:00
757,Ceara,CE,3806014.10,6,2017,10/10/2017 00:00:00
758,Distrito Federal,DF,56058.40,6,2017,10/10/2017 00:00:00
759,Espirito Santo,ES,1539618.90,6,2017,10/10/2017 00:00:00
760,Goias,GO,7590628.09,6,2017,10/10/2017 00:00:00
761,Maranhao,MA,3592609.43,6,2017,10/10/2017 00:00:00
762,Minas Gerais,MG,15870608.19,6,2017,10/10/2017 00:00:00
763,Mato Grosso do Sul,MS,2360411.38,6,2017,10/10/2017 00:00:00
764,Mato Grosso do Sul,MT,3090647.35,6,2017,10/10/2017 00:00:00
765,Para,PA,14272047.79,6,2017,10/10/2017 00:00:00
766,Paraiba,PB,688478.80,6,2017,10/10/2017 00:00:00
767,Pernambuco,PE,4202971.59,6,2017,10/10/2017 00:00:00
768,Piaui,PI,1363686.00,6,2017,10/10/2017 00:00:00
769,Parana,PR,16647832.07,6,2017,10/10/2017 00:00:00
770,Rio de Janeiro,RJ,8456231.73,6,2017,10/10/2017 00:00:00
771,Rio Grande do Norte,RN,3942499.84,6,2017,10/10/2017 00:00:00
772,Rondonia,RO,8347722.68,6,2017,10/10/2017 00:00:00
773,Roraima,RR,263398.58,6,2017,10/10/2017 00:00:00
774,Rio Grande do Sul,RS,9485127.96,6,2017,10/10/2017 00:00:00
775,Santa Catarina,SC,4633185.36,6,2017,10/10/2017 00:00:00
776,Sergipe,SE,3295871.40,6,2017,10/10/2017 00:00:00
777,São Paulo,SP,23023930.35,6,2017,10/10/2017 00:00:00
778,Tocantins,TO,1932872.00,6,2017,10/10/2017 00:00:00
779,ACRE,AC,250242.70,12,2017,28/06/2018 00:00:00
780,ALAGOAS,AL,730386.60,12,2017,28/06/2018 00:00:00
781,AMAZONAS,AM,2279111.04,12,2017,28/06/2018 00:00:00
782,AMAPÁ,AP,1183368.20,12,2017,28/06/2018 00:00:00
783,BAHIA,BA,10458161.82,12,2017,28/06/2018 00:00:00
784,CEARÁ,CE,4000712.10,12,2017,28/06/2018 00:00:00
785,DISTRITO FEDERAL,DF,56058.40,12,2017,28/06/2018 00:00:00
786,ESPÍRITO SANTO,ES,1565456.90,12,2017,28/06/2018 00:00:00
787,GOIÁS,GO,7649637.79,12,2017,28/06/2018 00:00:00
788,MARANHÃO,MA,3813409.43,12,2017,28/06/2018 00:00:00
789,MINAS GERAIS,MG,16179000.07,12,2017,28/06/2018 00:00:00
790,MATO GROSSO DO SUL,MS,2642371.38,12,2017,28/06/2018 00:00:00
791,Mato Grosso do Sul,MT,3114783.95,12,2017,28/06/2018 00:00:00
792,PARÁ,PA,15834438.61,12,2017,28/06/2018 00:00:00
793,PARAÍBA,PB,776678.80,12,2017,28/06/2018 00:00:00
794,PERNAMBUCO,PE,4283645.34,12,2017,28/06/2018 00:00:00
795,PIAUÍ,PI,2009786.00,12,2017,28/06/2018 00:00:00
796,PARANÁ,PR,16666239.87,12,2017,28/06/2018 00:00:00
797,RIO DE JANEIRO,RJ,8482205.53,12,2017,28/06/2018 00:00:00
798,RIO GRANDE DO NORTE,RN,4220699.84,12,2017,28/06/2018 00:00:00
799,RONDÔNIA,RO,8354994.18,12,2017,28/06/2018 00:00:00
800,RORAIMA,RR,263772.58,12,2017,28/06/2018 00:00:00
801,RIO GRANDE DO SUL,RS,9582007.96,12,2017,28/06/2018 00:00:00
802,SANTA CATARINA,SC,4704375.81,12,2017,28/06/2018 00:00:00
803,SERGIPE,SE,3296239.40,12,2017,28/06/2018 00:00:00
804,SÃO PAULO,SP,23074499.05,12,2017,28/06/2018 00:00:00
805,TOCANTINS,TO,1932229.00,12,2017,28/06/2018 00:00:00
806,Acre,AC,250242.70,9,2017,21/12/2017 00:00:00
807,Alagoas,AL,728969.10,9,2017,21/12/2017 00:00:00
808,Amazonas,AM,2262655.04,9,2017,21/12/2017 00:00:00
809,Amapa,AP,1159779.00,9,2017,21/12/2017 00:00:00
810,Bahia,BA,9897921.66,9,2017,21/12/2017 00:00:00
811,Ceara,CE,3804462.10,9,2017,21/12/2017 00:00:00
812,Distrito Federal,DF,56058.40,9,2017,21/12/2017 00:00:00
813,Espirito Santo,ES,1543264.90,9,2017,21/12/2017 00:00:00
814,Goias,GO,7612136.09,9,2017,21/12/2017 00:00:00
815,Maranhao,MA,3785809.43,9,2017,21/12/2017 00:00:00
816,Minas Gerais,MG,15932313.96,9,2017,21/12/2017 00:00:00
817,Mato Grosso do Sul,MS,2372311.38,9,2017,21/12/2017 00:00:00
818,Mato Grosso do Sul,MT,3149237.35,9,2017,21/12/2017 00:00:00
819,Para,PA,14867323.50,9,2017,21/12/2017 00:00:00
820,Paraiba,PB,682178.80,9,2017,21/12/2017 00:00:00
821,Pernambuco,PE,4204019.34,9,2017,21/12/2017 00:00:00
822,Piaui,PI,1657286.00,9,2017,21/12/2017 00:00:00
823,Parana,PR,16653130.07,9,2017,21/12/2017 00:00:00
824,Rio de Janeiro,RJ,8467892.13,9,2017,21/12/2017 00:00:00
825,Rio Grande do Norte,RN,3969499.84,9,2017,21/12/2017 00:00:00
826,Rondonia,RO,8344810.68,9,2017,21/12/2017 00:00:00
827,Roraima,RR,263592.58,9,2017,21/12/2017 00:00:00
828,Rio Grande do Sul,RS,9565877.96,9,2017,21/12/2017 00:00:00
829,Santa Catarina,SC,4640539.16,9,2017,21/12/2017 00:00:00
830,Sergipe,SE,3295871.40,9,2017,21/12/2017 00:00:00
831,São Paulo,SP,23034679.75,9,2017,21/12/2017 00:00:00
832,Tocantins,TO,1932229.00,9,2017,21/12/2017 00:00:00
833,ACRE,AC,235822.30,3,2018,28/06/2018 00:00:00
834,ALAGOAS,AL,730386.60,3,2018,28/06/2018 00:00:00
835,AMAZONAS,AM,2468661.04,3,2018,28/06/2018 00:00:00
836,AMAPÁ,AP,1183368.20,3,2018,28/06/2018 00:00:00
837,BAHIA,BA,10588625.82,3,2018,28/06/2018 00:00:00
838,CEARÁ,CE,4000712.10,3,2018,28/06/2018 00:00:00
839,DISTRITO FEDERAL,DF,56058.40,3,2018,28/06/2018 00:00:00
840,ESPÍRITO SANTO,ES,1565456.90,3,2018,28/06/2018 00:00:00
841,GOIÁS,GO,7672431.19,3,2018,28/06/2018 00:00:00
842,MARANHÃO,MA,3813409.43,3,2018,28/06/2018 00:00:00
843,MINAS GERAIS,MG,16183526.14,3,2018,28/06/2018 00:00:00
844,MATO GROSSO DO SUL,MS,2464041.38,3,2018,28/06/2018 00:00:00
845,Mato Grosso do Sul,MT,3113783.15,3,2018,28/06/2018 00:00:00
846,PARÁ,PA,16631036.72,3,2018,28/06/2018 00:00:00
847,PARAÍBA,PB,776678.80,3,2018,28/06/2018 00:00:00
848,PERNAMBUCO,PE,4279045.34,3,2018,28/06/2018 00:00:00
849,PIAUÍ,PI,2009786.00,3,2018,28/06/2018 00:00:00
850,PARANÁ,PR,16668661.75,3,2018,28/06/2018 00:00:00
851,RIO DE JANEIRO,RJ,8467205.53,3,2018,28/06/2018 00:00:00
852,RIO GRANDE DO NORTE,RN,4284599.84,3,2018,28/06/2018 00:00:00
853,RONDÔNIA,RO,8352117.18,3,2018,28/06/2018 00:00:00
854,RORAIMA,RR,263791.78,3,2018,28/06/2018 00:00:00
855,RIO GRANDE DO SUL,RS,9582075.76,3,2018,28/06/2018 00:00:00
856,SANTA CATARINA,SC,4711049.61,3,2018,28/06/2018 00:00:00
857,SERGIPE,SE,3296239.40,3,2018,28/06/2018 00:00:00
858,SÃO PAULO,SP,23165256.05,3,2018,28/06/2018 00:00:00
859,TOCANTINS,TO,1932229.00,3,2018,28/06/2018 00:00:00
968,São Paulo,SP,23271970.77,6,2018,08/01/2019 00:00:00
969,Para,PA,17441294.03,6,2018,08/01/2019 00:00:00
970,Parana,PR,16677341.75,6,2018,08/01/2019 00:00:00
971,Minas Gerais,MG,16284116.14,6,2018,08/01/2019 00:00:00
972,Bahia,BA,10819281.82,6,2018,08/01/2019 00:00:00
973,Rio Grande do Sul,RS,9581290.76,6,2018,08/01/2019 00:00:00
974,Rio de Janeiro,RJ,8467205.53,6,2018,08/01/2019 00:00:00
975,Rondonia,RO,8352117.18,6,2018,08/01/2019 00:00:00
976,Goias,GO,7690453.69,6,2018,08/01/2019 00:00:00
977,Santa Catarina,SC,4724799.61,6,2018,08/01/2019 00:00:00
978,Rio Grande do Norte,RN,4361099.84,6,2018,08/01/2019 00:00:00
979,Pernambuco,PE,4279045.34,6,2018,08/01/2019 00:00:00
980,Ceara,CE,4102212.10,6,2018,08/01/2019 00:00:00
981,Maranhao,MA,3813409.43,6,2018,08/01/2019 00:00:00
982,Sergipe,SE,3296239.40,6,2018,08/01/2019 00:00:00
983,Mato Grosso do Sul,MT,3119243.15,6,2018,08/01/2019 00:00:00
984,Mato Grosso do Sul,MS,2483185.39,6,2018,08/01/2019 00:00:00
985,Amazonas,AM,2468661.04,6,2018,08/01/2019 00:00:00
986,Piaui,PI,2009786.00,6,2018,08/01/2019 00:00:00
987,Tocantins,TO,1937729.00,6,2018,08/01/2019 00:00:00
988,Espirito Santo,ES,1547166.90,6,2018,08/01/2019 00:00:00
989,Amapa,AP,1029268.20,6,2018,08/01/2019 00:00:00
990,Paraiba,PB,776678.80,6,2018,08/01/2019 00:00:00
991,Alagoas,AL,730386.60,6,2018,08/01/2019 00:00:00
992,Roraima,RR,263813.38,6,2018,08/01/2019 00:00:00
993,Acre,AC,161204.90,6,2018,08/01/2019 00:00:00
994,Distrito Federal,DF,56058.40,6,2018,08/01/2019 00:00:00
995,São Paulo,SP,23310635.27,9,2018,08/01/2019 00:00:00
996,Para,PA,17441875.03,9,2018,08/01/2019 00:00:00
997,Parana,PR,16688225.30,9,2018,08/01/2019 00:00:00
998,Minas Gerais,MG,16304441.22,9,2018,08/01/2019 00:00:00
999,Bahia,BA,11271481.82,9,2018,08/01/2019 00:00:00
1000,Rio Grande do Sul,RS,9588252.76,9,2018,08/01/2019 00:00:00
1001,Rio de Janeiro,RJ,8487215.78,9,2018,08/01/2019 00:00:00
1002,Rondonia,RO,8308669.18,9,2018,08/01/2019 00:00:00
1003,Goias,GO,7699953.69,9,2018,08/01/2019 00:00:00
1004,Santa Catarina,SC,4735457.51,9,2018,08/01/2019 00:00:00
1005,Rio Grande do Norte,RN,4361099.84,9,2018,08/01/2019 00:00:00
1006,Pernambuco,PE,4279153.34,9,2018,08/01/2019 00:00:00
1007,Ceara,CE,4114812.10,9,2018,08/01/2019 00:00:00
1008,Maranhao,MA,3813409.43,9,2018,08/01/2019 00:00:00
1009,Sergipe,SE,3296239.40,9,2018,08/01/2019 00:00:00
1010,Mato Grosso do Sul,MT,3107350.48,9,2018,08/01/2019 00:00:00
1011,Mato Grosso do Sul,MS,2481656.39,9,2018,08/01/2019 00:00:00
1012,Amazonas,AM,2468661.04,9,2018,08/01/2019 00:00:00
1013,Piaui,PI,2009786.00,9,2018,08/01/2019 00:00:00
1014,Tocantins,TO,1937753.00,9,2018,08/01/2019 00:00:00
1015,Espirito Santo,ES,1564679.63,9,2018,08/01/2019 00:00:00
1016,Amapa,AP,1029268.20,9,2018,08/01/2019 00:00:00
1017,Paraiba,PB,776678.80,9,2018,08/01/2019 00:00:00
1018,Alagoas,AL,730386.60,9,2018,08/01/2019 00:00:00
1019,Roraima,RR,263813.38,9,2018,08/01/2019 00:00:00
1020,Acre,AC,115707.80,9,2018,08/01/2019 00:00:00
1021,Distrito Federal,DF,56058.40,9,2018,08/01/2019 00:00:00
1022,ACRE,AC,115727.80,12,2018,25/01/2019 00:00:00
1023,ALAGOAS,AL,746386.60,12,2018,25/01/2019 00:00:00
1024,AMAZONAS,AM,2190897.64,12,2018,25/01/2019 00:00:00
1025,AMAPÁ,AP,1037816.20,12,2018,25/01/2019 00:00:00
1026,BAHIA,BA,11713162.82,12,2018,25/01/2019 00:00:00
1027,CEARÁ,CE,4352085.10,12,2018,25/01/2019 00:00:00
1028,DISTRITO FEDERAL,DF,56358.40,12,2018,25/01/2019 00:00:00
1029,ESPÍRITO SANTO,ES,1597901.63,12,2018,25/01/2019 00:00:00
1030,GOIÁS,GO,7723304.69,12,2018,25/01/2019 00:00:00
1031,MARANHÃO,MA,3899122.43,12,2018,25/01/2019 00:00:00
1032,MINAS GERAIS,MG,16529981.07,12,2018,25/01/2019 00:00:00
1033,MATO GROSSO DO SUL,MS,2509658.39,12,2018,25/01/2019 00:00:00
1034,MATO GROSSO,MT,3087337.98,12,2018,25/01/2019 00:00:00
1035,PARÁ,PA,19239105.88,12,2018,25/01/2019 00:00:00
1036,PARAÍBA,PB,858078.80,12,2018,25/01/2019 00:00:00
1037,PERNAMBUCO,PE,4279378.64,12,2018,25/01/2019 00:00:00
1038,PIAUÍ,PI,2213986.00,12,2018,25/01/2019 00:00:00
1039,PARANÁ,PR,16701760.30,12,2018,25/01/2019 00:00:00
1040,RIO DE JANEIRO,RJ,8496760.68,12,2018,25/01/2019 00:00:00
1041,RIO GRANDE DO NORTE,RN,4549399.99,12,2018,25/01/2019 00:00:00
1042,RONDÔNIA,RO,8311378.60,12,2018,25/01/2019 00:00:00
1043,RORAIMA,RR,285568.38,12,2018,25/01/2019 00:00:00
1044,RIO GRANDE DO SUL,RS,9104710.16,12,2018,25/01/2019 00:00:00
1045,SANTA CATARINA,SC,4740565.71,12,2018,25/01/2019 00:00:00
1046,SERGIPE,SE,3296559.40,12,2018,25/01/2019 00:00:00
1047,SÃO PAULO,SP,23362600.67,12,2018,25/01/2019 00:00:00
1048,TOCANTINS,TO,1937803.00,12,2018,25/01/2019 00:00:00
1051,ACRE,AC,116542.80,3,2019,01/04/2019 00:00:00
1052,ALAGOAS,AL,746386.60,3,2019,01/04/2019 00:00:00
1053,AMAZONAS,AM,2194457.64,3,2019,01/04/2019 00:00:00
1054,AMAPÁ,AP,1037816.20,3,2019,01/04/2019 00:00:00
1055,BAHIA,BA,11937758.82,3,2019,01/04/2019 00:00:00
1056,CEARÁ,CE,4430835.10,3,2019,01/04/2019 00:00:00
1057,DISTRITO FEDERAL,DF,46358.40,3,2019,01/04/2019 00:00:00
1058,ESPÍRITO SANTO,ES,1598659.53,3,2019,01/04/2019 00:00:00
1059,GOIÁS,GO,7732564.69,3,2019,01/04/2019 00:00:00
1060,MARANHÃO,MA,3928422.43,3,2019,01/04/2019 00:00:00
1061,MINAS GERAIS,MG,16576907.22,3,2019,01/04/2019 00:00:00
1062,MATO GROSSO DO SUL,MS,2528658.39,3,2019,01/04/2019 00:00:00
1063,MATO GROSSO,MT,3186503.98,3,2019,01/04/2019 00:00:00
1064,PARÁ,PA,19239227.88,3,2019,01/04/2019 00:00:00
1065,PARAÍBA,PB,888258.80,3,2019,01/04/2019 00:00:00
1066,PERNAMBUCO,PE,4284378.64,3,2019,01/04/2019 00:00:00
1067,PIAUÍ,PI,2213986.00,3,2019,01/04/2019 00:00:00
1068,PARANÁ,PR,16941553.58,3,2019,01/04/2019 00:00:00
1069,RIO DE JANEIRO,RJ,8498680.68,3,2019,01/04/2019 00:00:00
1070,RIO GRANDE DO NORTE,RN,4658599.99,3,2019,01/04/2019 00:00:00
1071,RONDÔNIA,RO,8311378.60,3,2019,01/04/2019 00:00:00
1072,RORAIMA,RR,285568.38,3,2019,01/04/2019 00:00:00
1073,RIO GRANDE DO SUL,RS,9113010.16,3,2019,01/04/2019 00:00:00
1074,SANTA CATARINA,SC,4744625.71,3,2019,01/04/2019 00:00:00
1075,SERGIPE,SE,3296559.40,3,2019,01/04/2019 00:00:00
1076,SÃO PAULO,SP,23367938.07,3,2019,01/04/2019 00:00:00
1077,TOCANTINS,TO,1942803.00,3,2019,01/04/2019 00:00:00
1078,ACRE,AC,116542.80,6,2019,01/07/2019 00:00:00
1079,ALAGOAS,AL,746410.60,6,2019,01/07/2019 00:00:00
1080,AMAZONAS,AM,2194457.64,6,2019,01/07/2019 00:00:00
1081,AMAPÁ,AP,992216.20,6,2019,01/07/2019 00:00:00
1082,BAHIA,BA,12095258.82,6,2019,01/07/2019 00:00:00
1083,CEARÁ,CE,4433085.10,6,2019,01/07/2019 00:00:00
1084,DISTRITO FEDERAL,DF,46358.40,6,2019,01/07/2019 00:00:00
1085,ESPÍRITO SANTO,ES,1598651.53,6,2019,01/07/2019 00:00:00
1086,GOIÁS,GO,7759764.69,6,2019,01/07/2019 00:00:00
1087,MARANHÃO,MA,3928422.43,6,2019,01/07/2019 00:00:00
1088,MINAS GERAIS,MG,16584108.26,6,2019,01/07/2019 00:00:00
1089,MATO GROSSO DO SUL,MS,2528658.39,6,2019,01/07/2019 00:00:00
1090,MATO GROSSO,MT,3220433.98,6,2019,01/07/2019 00:00:00
1091,PARÁ,PA,20461450.10,6,2019,01/07/2019 00:00:00
1092,PARAÍBA,PB,888258.80,6,2019,01/07/2019 00:00:00
1093,PERNAMBUCO,PE,4306372.64,6,2019,01/07/2019 00:00:00
1094,PIAUÍ,PI,2213986.00,6,2019,01/07/2019 00:00:00
1095,PARANÁ,PR,17067112.28,6,2019,01/07/2019 00:00:00
1096,RIO DE JANEIRO,RJ,8516580.28,6,2019,01/07/2019 00:00:00
1097,RIO GRANDE DO NORTE,RN,4692199.99,6,2019,01/07/2019 00:00:00
1098,RONDÔNIA,RO,8317845.60,6,2019,01/07/2019 00:00:00
1099,RORAIMA,RR,285568.38,6,2019,01/07/2019 00:00:00
1100,RIO GRANDE DO SUL,RS,9108107.36,6,2019,01/07/2019 00:00:00
1101,SANTA CATARINA,SC,4753101.18,6,2019,01/07/2019 00:00:00
1102,SERGIPE,SE,3296559.40,6,2019,01/07/2019 00:00:00
1103,SÃO PAULO,SP,23384522.83,6,2019,01/07/2019 00:00:00
1104,TOCANTINS,TO,1942803.00,6,2019,01/07/2019 00:00:00
1105,ACRE,AC,116542.80,9,2019,01/10/2019 00:00:00
1106,ALAGOAS,AL,746410.60,9,2019,01/10/2019 00:00:00
1107,AMAZONAS,AM,2213116.64,9,2019,01/10/2019 00:00:00
1108,AMAPÁ,AP,992216.20,9,2019,01/10/2019 00:00:00
1109,BAHIA,BA,12158158.82,9,2019,01/10/2019 00:00:00
1110,CEARÁ,CE,4433085.10,9,2019,01/10/2019 00:00:00
1111,DISTRITO FEDERAL,DF,46358.40,9,2019,01/10/2019 00:00:00
1112,ESPÍRITO SANTO,ES,1598651.53,9,2019,01/10/2019 00:00:00
1113,GOIÁS,GO,7759697.29,9,2019,01/10/2019 00:00:00
1114,MARANHÃO,MA,3928422.43,9,2019,01/10/2019 00:00:00
1115,MINAS GERAIS,MG,16599472.36,9,2019,01/10/2019 00:00:00
1116,MATO GROSSO DO SUL,MS,2521937.39,9,2019,01/10/2019 00:00:00
1117,MATO GROSSO,MT,3521373.98,9,2019,01/10/2019 00:00:00
1118,PARÁ,PA,21048751.66,9,2019,01/10/2019 00:00:00
1119,PARAÍBA,PB,889356.80,9,2019,01/10/2019 00:00:00
1120,PERNAMBUCO,PE,4320780.64,9,2019,01/10/2019 00:00:00
1121,PIAUÍ,PI,2213986.00,9,2019,01/10/2019 00:00:00
1122,PARANÁ,PR,17075924.28,9,2019,01/10/2019 00:00:00
1123,RIO DE JANEIRO,RJ,8510580.28,9,2019,01/10/2019 00:00:00
1124,RIO GRANDE DO NORTE,RN,4706599.99,9,2019,01/10/2019 00:00:00
1125,RONDÔNIA,RO,8318883.60,9,2019,01/10/2019 00:00:00
1126,RORAIMA,RR,343784.38,9,2019,01/10/2019 00:00:00
1127,RIO GRANDE DO SUL,RS,9462127.36,9,2019,01/10/2019 00:00:00
1128,SANTA CATARINA,SC,4763303.78,9,2019,01/10/2019 00:00:00
1129,SERGIPE,SE,3296559.40,9,2019,01/10/2019 00:00:00
1130,SÃO PAULO,SP,23625872.43,9,2019,01/10/2019 00:00:00
1131,TOCANTINS,TO,1950823.00,9,2019,01/10/2019 00:00:00
1132,ACRE,AC,116542.80,12,2019,01/01/2020 00:00:00
1133,ALAGOAS,AL,739010.60,12,2019,01/01/2020 00:00:00
1134,AMAZONAS,AM,2341320.14,12,2019,01/01/2020 00:00:00
1135,AMAPÁ,AP,992216.20,12,2019,01/01/2020 00:00:00
1136,BAHIA,BA,12326781.42,12,2019,01/01/2020 00:00:00
1137,CEARÁ,CE,4433085.10,12,2019,01/01/2020 00:00:00
1138,DISTRITO FEDERAL,DF,46358.40,12,2019,01/01/2020 00:00:00
1139,ESPÍRITO SANTO,ES,1599022.53,12,2019,01/01/2020 00:00:00
1140,GOIÁS,GO,7760537.29,12,2019,01/01/2020 00:00:00
1141,MARANHÃO,MA,4025622.43,12,2019,01/01/2020 00:00:00
1142,MINAS GERAIS,MG,16595927.36,12,2019,01/01/2020 00:00:00
1143,MATO GROSSO DO SUL,MS,2525937.39,12,2019,01/01/2020 00:00:00
1144,MATO GROSSO,MT,3906743.18,12,2019,01/01/2020 00:00:00
1145,PARÁ,PA,22890497.15,12,2019,01/01/2020 00:00:00
1146,PARAÍBA,PB,889356.80,12,2019,01/01/2020 00:00:00
1147,PERNAMBUCO,PE,4301816.64,12,2019,01/01/2020 00:00:00
1148,PIAUÍ,PI,2213986.00,12,2019,01/01/2020 00:00:00
1149,PARANÁ,PR,17116313.12,12,2019,01/01/2020 00:00:00
1150,RIO DE JANEIRO,RJ,8516180.28,12,2019,01/01/2020 00:00:00
1151,RIO GRANDE DO NORTE,RN,4798159.99,12,2019,01/01/2020 00:00:00
1152,RONDÔNIA,RO,8318883.60,12,2019,01/01/2020 00:00:00
1153,RORAIMA,RR,343784.38,12,2019,01/01/2020 00:00:00
1154,RIO GRANDE DO SUL,RS,9464614.29,12,2019,01/01/2020 00:00:00
1155,SANTA CATARINA,SC,4779548.18,12,2019,01/01/2020 00:00:00
1156,SERGIPE,SE,3296559.40,12,2019,01/01/2020 00:00:00
1157,SÃO PAULO,SP,23736894.48,12,2019,01/01/2020 00:00:00
1158,TOCANTINS,TO,1950823.00,12,2019,01/01/2020 00:00:00
1159,ACRE,AC,116542.80,3,2020,01/04/2020 00:00:00
1160,ALAGOAS,AL,739010.60,3,2020,01/04/2020 00:00:00
1161,AMAZONAS,AM,2464949.14,3,2020,01/04/2020 00:00:00
1162,AMAPÁ,AP,992216.20,3,2020,01/04/2020 00:00:00
1163,BAHIA,BA,12366781.42,3,2020,01/04/2020 00:00:00
1164,CEARÁ,CE,4433085.10,3,2020,01/04/2020 00:00:00
1165,DISTRITO FEDERAL,DF,46358.40,3,2020,01/04/2020 00:00:00
1166,ESPÍRITO SANTO,ES,1600481.53,3,2020,01/04/2020 00:00:00
1167,GOIÁS,GO,7765037.29,3,2020,01/04/2020 00:00:00
1168,MARANHÃO,MA,4025622.43,3,2020,01/04/2020 00:00:00
1169,MINAS GERAIS,MG,16598703.36,3,2020,01/04/2020 00:00:00
1170,MATO GROSSO DO SUL,MS,2533437.39,3,2020,01/04/2020 00:00:00
1171,MATO GROSSO,MT,3919121.68,3,2020,01/04/2020 00:00:00
1172,PARÁ,PA,22890606.15,3,2020,01/04/2020 00:00:00
1173,PARAÍBA,PB,893156.80,3,2020,01/04/2020 00:00:00
1174,PERNAMBUCO,PE,4306316.64,3,2020,01/04/2020 00:00:00
1175,PIAUÍ,PI,2409666.00,3,2020,01/04/2020 00:00:00
1176,PARANÁ,PR,17115954.12,3,2020,01/04/2020 00:00:00
1177,RIO DE JANEIRO,RJ,8519182.28,3,2020,01/04/2020 00:00:00
1178,RIO GRANDE DO NORTE,RN,4875734.99,3,2020,01/04/2020 00:00:00
1179,RONDÔNIA,RO,8330883.60,3,2020,01/04/2020 00:00:00
1180,RORAIMA,RR,346104.38,3,2020,01/04/2020 00:00:00
1181,RIO GRANDE DO SUL,RS,9472136.04,3,2020,01/04/2020 00:00:00
1182,SANTA CATARINA,SC,4806203.88,3,2020,01/04/2020 00:00:00
1183,SERGIPE,SE,4479477.40,3,2020,01/04/2020 00:00:00
1184,SÃO PAULO,SP,23763172.98,3,2020,01/04/2020 00:00:00
1185,TOCANTINS,TO,1950823.00,3,2020,01/04/2020 00:00:00
1186,ACRE,AC,72703.80,6,2020,01/07/2020 00:00:00
1187,ALAGOAS,AL,737760.60,6,2020,01/07/2020 00:00:00
1188,AMAZONAS,AM,2509555.14,6,2020,01/07/2020 00:00:00
1189,AMAPÁ,AP,992216.20,6,2020,01/07/2020 00:00:00
1190,BAHIA,BA,12421381.42,6,2020,01/07/2020 00:00:00
1191,CEARÁ,CE,4484085.10,6,2020,01/07/2020 00:00:00
1192,DISTRITO FEDERAL,DF,46358.40,6,2020,01/07/2020 00:00:00
1193,ESPÍRITO SANTO,ES,1600664.53,6,2020,01/07/2020 00:00:00
1194,GOIÁS,GO,7765037.29,6,2020,01/07/2020 00:00:00
1195,MARANHÃO,MA,4025833.03,6,2020,01/07/2020 00:00:00
1196,MINAS GERAIS,MG,16637713.76,6,2020,01/07/2020 00:00:00
1197,MATO GROSSO DO SUL,MS,2533437.39,6,2020,01/07/2020 00:00:00
1198,MATO GROSSO,MT,3921721.68,6,2020,01/07/2020 00:00:00
1199,PARÁ,PA,22890606.15,6,2020,01/07/2020 00:00:00
1200,PARAÍBA,PB,888878.80,6,2020,01/07/2020 00:00:00
1201,PERNAMBUCO,PE,4306316.64,6,2020,01/07/2020 00:00:00
1202,PIAUÍ,PI,2658170.00,6,2020,01/07/2020 00:00:00
1203,PARANÁ,PR,17115954.12,6,2020,01/07/2020 00:00:00
1204,RIO DE JANEIRO,RJ,8519182.28,6,2020,01/07/2020 00:00:00
1205,RIO GRANDE DO NORTE,RN,4997639.99,6,2020,01/07/2020 00:00:00
1206,RONDÔNIA,RO,8330883.60,6,2020,01/07/2020 00:00:00
1207,RORAIMA,RR,346104.38,6,2020,01/07/2020 00:00:00
1208,RIO GRANDE DO SUL,RS,9472176.04,6,2020,01/07/2020 00:00:00
1209,SANTA CATARINA,SC,4811494.38,6,2020,01/07/2020 00:00:00
1210,SERGIPE,SE,4812201.40,6,2020,01/07/2020 00:00:00
1211,SÃO PAULO,SP,23856902.98,6,2020,01/07/2020 00:00:00
1212,TOCANTINS,TO,1950612.00,6,2020,01/07/2020 00:00:00
1213,ACRE,AC,72703.80,9,2020,01/10/2020 00:00:00
1214,ALAGOAS,AL,739167.30,9,2020,01/10/2020 00:00:00
1215,AMAZONAS,AM,2545981.64,9,2020,01/10/2020 00:00:00
1216,AMAPÁ,AP,992216.20,9,2020,01/10/2020 00:00:00
1217,BAHIA,BA,12623881.42,9,2020,01/10/2020 00:00:00
1218,CEARÁ,CE,4556085.10,9,2020,01/10/2020 00:00:00
1219,DISTRITO FEDERAL,DF,46358.40,9,2020,01/10/2020 00:00:00
1220,ESPÍRITO SANTO,ES,1600954.53,9,2020,01/10/2020 00:00:00
1221,GOIÁS,GO,7781826.31,9,2020,01/10/2020 00:00:00
1222,MARANHÃO,MA,4025833.03,9,2020,01/10/2020 00:00:00
1223,MINAS GERAIS,MG,16651791.28,9,2020,01/10/2020 00:00:00
1224,MATO GROSSO DO SUL,MS,2540037.39,9,2020,01/10/2020 00:00:00
1225,MATO GROSSO,MT,3951444.08,9,2020,01/10/2020 00:00:00
1226,PARÁ,PA,22838540.95,9,2020,01/10/2020 00:00:00
1227,PARAÍBA,PB,888478.80,9,2020,01/10/2020 00:00:00
1228,PERNAMBUCO,PE,4356316.64,9,2020,01/10/2020 00:00:00
1229,PIAUÍ,PI,2741396.00,9,2020,01/10/2020 00:00:00
1230,PARANÁ,PR,17118114.12,9,2020,01/10/2020 00:00:00
1231,RIO DE JANEIRO,RJ,8518502.28,9,2020,01/10/2020 00:00:00
1232,RIO GRANDE DO NORTE,RN,5211709.29,9,2020,01/10/2020 00:00:00
1233,RONDÔNIA,RO,8342883.60,9,2020,01/10/2020 00:00:00
1234,RORAIMA,RR,346984.38,9,2020,01/10/2020 00:00:00
1235,RIO GRANDE DO SUL,RS,9506741.04,9,2020,01/10/2020 00:00:00
1236,SANTA CATARINA,SC,4824259.38,9,2020,01/10/2020 00:00:00
1237,SERGIPE,SE,4812201.40,9,2020,01/10/2020 00:00:00
1238,SÃO PAULO,SP,23867022.98,9,2020,01/10/2020 00:00:00
1239,TOCANTINS,TO,1950612.00,9,2020,01/10/2020 00:00:00
1240,ACRE,AC,72703.80,12,2020,01/01/2021 00:00:00
1241,ALAGOAS,AL,739167.30,12,2020,01/01/2021 00:00:00
1242,AMAZONAS,AM,2341406.14,12,2020,01/01/2021 00:00:00
1243,AMAPÁ,AP,1082216.20,12,2020,01/01/2021 00:00:00
1244,BAHIA,BA,12871836.42,12,2020,01/01/2021 00:00:00
1245,CEARÁ,CE,4566965.10,12,2020,01/01/2021 00:00:00
1246,DISTRITO FEDERAL,DF,46358.40,12,2020,01/01/2021 00:00:00
1247,ESPÍRITO SANTO,ES,1600954.53,12,2020,01/01/2021 00:00:00
1248,GOIÁS,GO,7781826.31,12,2020,01/01/2021 00:00:00
1249,MARANHÃO,MA,4008658.63,12,2020,01/01/2021 00:00:00
1250,MINAS GERAIS,MG,16689960.63,12,2020,01/01/2021 00:00:00
1251,MATO GROSSO DO SUL,MS,2539537.39,12,2020,01/01/2021 00:00:00
1252,MATO GROSSO,MT,3951444.08,12,2020,01/01/2021 00:00:00
1253,PARÁ,PA,22842171.35,12,2020,01/01/2021 00:00:00
1254,PARAÍBA,PB,914018.80,12,2020,01/01/2021 00:00:00
1255,PERNAMBUCO,PE,4361402.64,12,2020,01/01/2021 00:00:00
1256,PIAUÍ,PI,3392694.00,12,2020,01/01/2021 00:00:00
1257,PARANÁ,PR,17142994.12,12,2020,01/01/2021 00:00:00
1258,RIO DE JANEIRO,RJ,8534266.28,12,2020,01/01/2021 00:00:00
1259,RIO GRANDE DO NORTE,RN,5441759.29,12,2020,01/01/2021 00:00:00
1260,RONDÔNIA,RO,8342883.60,12,2020,01/01/2021 00:00:00
1261,RORAIMA,RR,346984.38,12,2020,01/01/2021 00:00:00
1262,RIO GRANDE DO SUL,RS,9545415.04,12,2020,01/01/2021 00:00:00
1263,SANTA CATARINA,SC,4820584.10,12,2020,01/01/2021 00:00:00
1264,SERGIPE,SE,4812199.40,12,2020,01/01/2021 00:00:00
1265,SÃO PAULO,SP,23908492.98,12,2020,01/01/2021 00:00:00
1266,TOCANTINS,TO,1960612.00,12,2020,01/01/2021 00:00:00
1267,ACRE,AC,72703.80,3,2021,01/04/2021 00:00:00
1268,ALAGOAS,AL,739167.30,3,2021,01/04/2021 00:00:00
1269,AMAZONAS,AM,2384878.14,3,2021,01/04/2021 00:00:00
1270,AMAPÁ,AP,1082216.20,3,2021,01/04/2021 00:00:00
1271,BAHIA,BA,12907236.42,3,2021,01/04/2021 00:00:00
1272,CEARÁ,CE,4667765.10,3,2021,01/04/2021 00:00:00
1273,DISTRITO FEDERAL,DF,46358.40,3,2021,01/04/2021 00:00:00
1274,ESPÍRITO SANTO,ES,1602466.53,3,2021,01/04/2021 00:00:00
1275,GOIÁS,GO,7741826.31,3,2021,01/04/2021 00:00:00
1276,MARANHÃO,MA,4008658.63,3,2021,01/04/2021 00:00:00
1277,MINAS GERAIS,MG,16563912.88,3,2021,01/04/2021 00:00:00
1278,MATO GROSSO DO SUL,MS,2539537.39,3,2021,01/04/2021 00:00:00
1279,MATO GROSSO,MT,3963444.08,3,2021,01/04/2021 00:00:00
1280,PARÁ,PA,22844084.35,3,2021,01/04/2021 00:00:00
1281,PARAÍBA,PB,919245.20,3,2021,01/04/2021 00:00:00
1282,PERNAMBUCO,PE,4363513.64,3,2021,01/04/2021 00:00:00
1283,PIAUÍ,PI,3585544.00,3,2021,01/04/2021 00:00:00
1284,PARANÁ,PR,17160874.12,3,2021,01/04/2021 00:00:00
1285,RIO DE JANEIRO,RJ,8539066.28,3,2021,01/04/2021 00:00:00
1286,RIO GRANDE DO NORTE,RN,5594567.29,3,2021,01/04/2021 00:00:00
1287,RONDÔNIA,RO,8342883.60,3,2021,01/04/2021 00:00:00
1288,RORAIMA,RR,346984.38,3,2021,01/04/2021 00:00:00
1289,RIO GRANDE DO SUL,RS,9555917.04,3,2021,01/04/2021 00:00:00
1290,SANTA CATARINA,SC,4829941.60,3,2021,01/04/2021 00:00:00
1291,SERGIPE,SE,4812199.40,3,2021,01/04/2021 00:00:00
1292,SÃO PAULO,SP,23913875.98,3,2021,01/04/2021 00:00:00
1293,TOCANTINS,TO,1960612.00,3,2021,01/04/2021 00:00:00
1294,ACRE,AC,72703.60,6,2021,01/07/2021 00:00:00
1295,ALAGOAS,AL,739607.30,6,2021,01/07/2021 00:00:00
1296,AMAZONAS,AM,2425640.14,6,2021,01/07/2021 00:00:00
1297,AMAPÁ,AP,1082216.20,6,2021,01/07/2021 00:00:00
1298,BAHIA,BA,13245936.42,6,2021,01/07/2021 00:00:00
1299,CEARÁ,CE,4772765.10,6,2021,01/07/2021 00:00:00
1300,DISTRITO FEDERAL,DF,46358.40,6,2021,01/07/2021 00:00:00
1301,ESPÍRITO SANTO,ES,1602466.53,6,2021,01/07/2021 00:00:00
1302,GOIÁS,GO,7733126.31,6,2021,01/07/2021 00:00:00
1303,MARANHÃO,MA,4008658.63,6,2021,01/07/2021 00:00:00
1304,MINAS GERAIS,MG,16555137.88,6,2021,01/07/2021 00:00:00
1305,MATO GROSSO DO SUL,MS,2616537.39,6,2021,01/07/2021 00:00:00
1306,MATO GROSSO,MT,3954323.10,6,2021,01/07/2021 00:00:00
1307,PARÁ,PA,22850008.35,6,2021,01/07/2021 00:00:00
1308,PARAÍBA,PB,921462.40,6,2021,01/07/2021 00:00:00
1309,PERNAMBUCO,PE,4418478.64,6,2021,01/07/2021 00:00:00
1310,PIAUÍ,PI,3699794.00,6,2021,01/07/2021 00:00:00
1311,PARANÁ,PR,17155948.12,6,2021,01/07/2021 00:00:00
1312,RIO DE JANEIRO,RJ,8533066.28,6,2021,01/07/2021 00:00:00
1313,RIO GRANDE DO NORTE,RN,5871482.29,6,2021,01/07/2021 00:00:00
1314,RONDÔNIA,RO,8341071.10,6,2021,01/07/2021 00:00:00
1315,RORAIMA,RR,347072.78,6,2021,01/07/2021 00:00:00
1316,RIO GRANDE DO SUL,RS,9586005.04,6,2021,01/07/2021 00:00:00
1317,SANTA CATARINA,SC,4841717.58,6,2021,01/07/2021 00:00:00
1318,SERGIPE,SE,4812759.40,6,2021,01/07/2021 00:00:00
1319,SÃO PAULO,SP,23962710.67,6,2021,01/07/2021 00:00:00
1320,TOCANTINS,TO,1960612.00,6,2021,01/07/2021 00:00:00
1321,ACRE,AC,72703.60,9,2021,01/10/2021 00:00:00
1322,ALAGOAS,AL,739607.30,9,2021,01/10/2021 00:00:00
1323,AMAZONAS,AM,2353716.14,9,2021,01/10/2021 00:00:00
1324,AMAPÁ,AP,1081896.20,9,2021,01/10/2021 00:00:00
1325,BAHIA,BA,13721574.15,9,2021,01/10/2021 00:00:00
1326,CEARÁ,CE,4773791.10,9,2021,01/10/2021 00:00:00
1327,DISTRITO FEDERAL,DF,49208.40,9,2021,01/10/2021 00:00:00
1328,ESPÍRITO SANTO,ES,1613534.13,9,2021,01/10/2021 00:00:00
1329,GOIÁS,GO,7780626.31,9,2021,01/10/2021 00:00:00
1330,MARANHÃO,MA,4008658.63,9,2021,01/10/2021 00:00:00
1331,MINAS GERAIS,MG,16673773.88,9,2021,01/10/2021 00:00:00
1332,MATO GROSSO DO SUL,MS,2793653.39,9,2021,01/10/2021 00:00:00
1333,MATO GROSSO,MT,3950133.10,9,2021,01/10/2021 00:00:00
1334,PARÁ,PA,22854303.35,9,2021,01/10/2021 00:00:00
1335,PARAÍBA,PB,1106907.40,9,2021,01/10/2021 00:00:00
1336,PERNAMBUCO,PE,4524439.95,9,2021,01/10/2021 00:00:00
1337,PIAUÍ,PI,3699794.00,9,2021,01/10/2021 00:00:00
1338,PARANÁ,PR,17191295.12,9,2021,01/10/2021 00:00:00
1339,RIO DE JANEIRO,RJ,9871366.28,9,2021,01/10/2021 00:00:00
1340,RIO GRANDE DO NORTE,RN,6384602.29,9,2021,01/10/2021 00:00:00
1341,RONDÔNIA,RO,8404121.10,9,2021,01/10/2021 00:00:00
1342,RORAIMA,RR,347072.78,9,2021,01/10/2021 00:00:00
1343,RIO GRANDE DO SUL,RS,9586005.04,9,2021,01/10/2021 00:00:00
1344,SANTA CATARINA,SC,4901275.58,9,2021,01/10/2021 00:00:00
1345,SERGIPE,SE,4812759.40,9,2021,01/10/2021 00:00:00
1346,SÃO PAULO,SP,23965642.65,9,2021,01/10/2021 00:00:00
1347,TOCANTINS,TO,1960612.00,9,2021,01/10/2021 00:00:00
